Title,Animation,Description,External ID,Locale,Media,Module,Video
Exercício 1.1 - Escola tradicional: Lançamento auto-manual,https://qmngnefmhwigfkaxtmsa.supabase.co/storage/v1/object/public/course-content/exercises/exercise-1.1/animation.svg,Escola tradicional: Lançamento auto-manual,exercise-1.1,pt,https://qmngnefmhwigfkaxtmsa.supabase.co/storage/v1/object/public/course-content/exercises/exercise-1.1/diagram.svg,Mesociclo 1 (https://app.notion.com/p/Mesociclo-1-39b6b2772ee4819f91deefd1dd50cf4b?pvs=21),
Exercício 1.4 - Escola tradicional: Lançamento auto-manual,https://qmngnefmhwigfkaxtmsa.supabase.co/storage/v1/object/public/course-content/exercises/exercise-1.4/animation.svg,Escola tradicional: Lançamento auto-manual,exercise-1.4,pt,https://qmngnefmhwigfkaxtmsa.supabase.co/storage/v1/object/public/course-content/exercises/exercise-1.4/diagram.svg,Mesociclo 1 (https://app.notion.com/p/Mesociclo-1-39b6b2772ee4819f91deefd1dd50cf4b?pvs=21),
Exercise 1.1 – Traditional School: Self-fed serve,https://qmngnefmhwigfkaxtmsa.supabase.co/storage/v1/object/public/course-content/exercises/exercise-1.1/animation.svg,Traditional School: Self-fed serve,exercise-1.1,en-US,https://qmngnefmhwigfkaxtmsa.supabase.co/storage/v1/object/public/course-content/exercises/exercise-1.1/diagram.svg,Module 1 (https://app.notion.com/p/Module-1-39b6b2772ee481479f81ee102be9a355?pvs=21),
Exercício 1.6 - Escola tradicional: Lançamento auto-manual,https://qmngnefmhwigfkaxtmsa.supabase.co/storage/v1/object/public/course-content/exercises/exercise-1.6/animation.svg,Definir a linha de avanço para a zona ofensiva quando o serviço for dirigido para o 1.º VLC,exercise-1.6,pt,https://qmngnefmhwigfkaxtmsa.supabase.co/storage/v1/object/public/course-content/exercises/exercise-1.6/diagram.svg,Mesociclo 1 (https://app.notion.com/p/Mesociclo-1-39b6b2772ee4819f91deefd1dd50cf4b?pvs=21),
Exercise 1.0 – Traditional School: Self-fed serve (self-toss),https://qmngnefmhwigfkaxtmsa.supabase.co/storage/v1/object/public/course-content/exercises/exercise-1.0/animation.svg,Traditional School: Self-fed serve (self-toss),exercise-1.0,en-US,https://qmngnefmhwigfkaxtmsa.supabase.co/storage/v1/object/public/course-content/exercises/exercise-1.0/diagram.svg,Module 1 (https://app.notion.com/p/Module-1-39b6b2772ee481479f81ee102be9a355?pvs=21),
Exercise 1.5 – Traditional School: Self-fed serve,https://qmngnefmhwigfkaxtmsa.supabase.co/storage/v1/object/public/course-content/exercises/exercise-1.5/animation.svg,Traditional School: Self-fed serve,exercise-1.5,en-US,https://qmngnefmhwigfkaxtmsa.supabase.co/storage/v1/object/public/course-content/exercises/exercise-1.5/diagram.svg,Module 1 (https://app.notion.com/p/Module-1-39b6b2772ee481479f81ee102be9a355?pvs=21),
Exercício 1.5 - Escola tradicional: Lançamento auto-manual,https://qmngnefmhwigfkaxtmsa.supabase.co/storage/v1/object/public/course-content/exercises/exercise-1.5/animation.svg,Escola tradicional: Lançamento auto-manual,exercise-1.5,pt,https://qmngnefmhwigfkaxtmsa.supabase.co/storage/v1/object/public/course-content/exercises/exercise-1.5/diagram.svg,Mesociclo 1 (https://app.notion.com/p/Mesociclo-1-39b6b2772ee4819f91deefd1dd50cf4b?pvs=21),
Exercise 1.3 – Traditional School: Self-fed serve,https://qmngnefmhwigfkaxtmsa.supabase.co/storage/v1/object/public/course-content/exercises/exercise-1.3/animation.svg,Traditional School: Self-fed serve,exercise-1.3,en-US,https://qmngnefmhwigfkaxtmsa.supabase.co/storage/v1/object/public/course-content/exercises/exercise-1.3/diagram.svg,Module 1 (https://app.notion.com/p/Module-1-39b6b2772ee481479f81ee102be9a355?pvs=21),
Exercício 1.3 - Escola tradicional: Lançamento auto-manual,https://qmngnefmhwigfkaxtmsa.supabase.co/storage/v1/object/public/course-content/exercises/exercise-1.3/animation.svg,Escola tradicional: Lançamento auto-manual,exercise-1.3,pt,https://qmngnefmhwigfkaxtmsa.supabase.co/storage/v1/object/public/course-content/exercises/exercise-1.3/diagram.svg,Mesociclo 1 (https://app.notion.com/p/Mesociclo-1-39b6b2772ee4819f91deefd1dd50cf4b?pvs=21),
Exercício 1.0 – Escola tradicional: Lançamento auto-manual,https://qmngnefmhwigfkaxtmsa.supabase.co/storage/v1/object/public/course-content/exercises/exercise-1.0/animation.svg,Escola tradicional: Lançamento auto-manual,exercise-1.0,pt,https://qmngnefmhwigfkaxtmsa.supabase.co/storage/v1/object/public/course-content/exercises/exercise-1.0/diagram.svg,Mesociclo 1 (https://app.notion.com/p/Mesociclo-1-39b6b2772ee4819f91deefd1dd50cf4b?pvs=21),
Exercício 1.2 - Escola tradicional: Lançamento auto-manual,https://qmngnefmhwigfkaxtmsa.supabase.co/storage/v1/object/public/course-content/exercises/exercise-1.2/animation.svg,Escola tradicional: Lançamento auto-manual,exercise-1.2,pt,https://qmngnefmhwigfkaxtmsa.supabase.co/storage/v1/object/public/course-content/exercises/exercise-1.2/diagram.svg,Mesociclo 1 (https://app.notion.com/p/Mesociclo-1-39b6b2772ee4819f91deefd1dd50cf4b?pvs=21),
Exercise 1.6 – Traditional School: Self-fed serve,https://qmngnefmhwigfkaxtmsa.supabase.co/storage/v1/object/public/course-content/exercises/exercise-1.6/animation.svg,Define the advance line into the offensive zone when the serve is directed toward the 1st VLC,exercise-1.6,en-US,https://qmngnefmhwigfkaxtmsa.supabase.co/storage/v1/object/public/course-content/exercises/exercise-1.6/diagram.svg,Module 1 (https://app.notion.com/p/Module-1-39b6b2772ee481479f81ee102be9a355?pvs=21),
Exercise 1.2 – Traditional School: Self-fed serve,https://qmngnefmhwigfkaxtmsa.supabase.co/storage/v1/object/public/course-content/exercises/exercise-1.2/animation.svg,Traditional School: Self-fed serve,exercise-1.2,en-US,https://qmngnefmhwigfkaxtmsa.supabase.co/storage/v1/object/public/course-content/exercises/exercise-1.2/diagram.svg,Module 1 (https://app.notion.com/p/Module-1-39b6b2772ee481479f81ee102be9a355?pvs=21),
Exercise 1.4 – Traditional School: Self-fed serve,https://qmngnefmhwigfkaxtmsa.supabase.co/storage/v1/object/public/course-content/exercises/exercise-1.4/animation.svg,Traditional School: Self-fed serve,exercise-1.4,en-US,https://qmngnefmhwigfkaxtmsa.supabase.co/storage/v1/object/public/course-content/exercises/exercise-1.4/diagram.svg,Module 1 (https://app.notion.com/p/Module-1-39b6b2772ee481479f81ee102be9a355?pvs=21),
Exercício 1.12 – Escola Tradicional: Lançamento auto-manual,,Definir um padrão cognitivo na resposta ao 1º serviço,exercise-1.12,pt,https://qmngnefmhwigfkaxtmsa.supabase.co/storage/v1/object/public/course-content/exercises/exercise-1.12/diagram.svg,Mesociclo 1 (https://app.notion.com/p/Mesociclo-1-39b6b2772ee4819f91deefd1dd50cf4b?pvs=21),
Exercise 1.7 – Traditional School: Self-fed serve,https://qmngnefmhwigfkaxtmsa.supabase.co/storage/v1/object/public/course-content/exercises/exercise-1.7/animation.svg,Traditional School: Self-fed serve,exercise-1.7,en-US,https://qmngnefmhwigfkaxtmsa.supabase.co/storage/v1/object/public/course-content/exercises/exercise-1.7/diagram.svg,Module 1 (https://app.notion.com/p/Module-1-39b6b2772ee481479f81ee102be9a355?pvs=21),
Exercise 1.9 – Traditional School: Self-fed serve,,Traditional School: Self-fed serve,exercise-1.9,en-US,https://qmngnefmhwigfkaxtmsa.supabase.co/storage/v1/object/public/course-content/exercises/exercise-1.9/diagram.svg,Module 1 (https://app.notion.com/p/Module-1-39b6b2772ee481479f81ee102be9a355?pvs=21),
Exercício 1.8 - Escola tradicional: Lançamento auto-manual,,Escola tradicional: Lançamento auto-manual,exercise-1.8,pt,https://qmngnefmhwigfkaxtmsa.supabase.co/storage/v1/object/public/course-content/exercises/exercise-1.8/diagram.svg,Mesociclo 1 (https://app.notion.com/p/Mesociclo-1-39b6b2772ee4819f91deefd1dd50cf4b?pvs=21),
Exercício 1.9 – Escola tradicional: Lançamento auto-manual,,Escola tradicional: Lançamento auto-manual,exercise-1.9,pt,https://qmngnefmhwigfkaxtmsa.supabase.co/storage/v1/object/public/course-content/exercises/exercise-1.9/diagram.svg,Mesociclo 1 (https://app.notion.com/p/Mesociclo-1-39b6b2772ee4819f91deefd1dd50cf4b?pvs=21),
Exercise 1.8 – Traditional School: Self-fed serve,,Traditional School: Self-fed serve,exercise-1.8,en-US,https://qmngnefmhwigfkaxtmsa.supabase.co/storage/v1/object/public/course-content/exercises/exercise-1.8/diagram.svg,Module 1 (https://app.notion.com/p/Module-1-39b6b2772ee481479f81ee102be9a355?pvs=21),
Exercício 1.10 – Escola tradicional: Lançamento auto-manual,,Escola tradicional: Lançamento auto-manual,exercise-1.10,pt,https://qmngnefmhwigfkaxtmsa.supabase.co/storage/v1/object/public/course-content/exercises/exercise-1.10/diagram.svg,Mesociclo 1 (https://app.notion.com/p/Mesociclo-1-39b6b2772ee4819f91deefd1dd50cf4b?pvs=21),
Exercise 1.10 – Traditional School: Self-fed serve,,Traditional School: Self-fed serve,exercise-1.10,en-US,https://qmngnefmhwigfkaxtmsa.supabase.co/storage/v1/object/public/course-content/exercises/exercise-1.10/diagram.svg,Module 1 (https://app.notion.com/p/Module-1-39b6b2772ee481479f81ee102be9a355?pvs=21),
Exercise 1.12 – Traditional School: Self-fed serve,,Define a cognitive pattern in the response to the first serve,exercise-1.12,en-US,https://qmngnefmhwigfkaxtmsa.supabase.co/storage/v1/object/public/course-content/exercises/exercise-1.12/diagram.svg,Module 1 (https://app.notion.com/p/Module-1-39b6b2772ee481479f81ee102be9a355?pvs=21),
Exercise 1.11 – Traditional School: Self-fed serve,,Traditional School: Self-fed serve,exercise-1.11,en-US,https://qmngnefmhwigfkaxtmsa.supabase.co/storage/v1/object/public/course-content/exercises/exercise-1.11/diagram.svg,Module 1 (https://app.notion.com/p/Module-1-39b6b2772ee481479f81ee102be9a355?pvs=21),
Exercício 1.7 - Escola tradicional: Lançamento auto-manual,https://qmngnefmhwigfkaxtmsa.supabase.co/storage/v1/object/public/course-content/exercises/exercise-1.7/animation.svg,Escola tradicional: Lançamento auto-manual,exercise-1.7,pt,https://qmngnefmhwigfkaxtmsa.supabase.co/storage/v1/object/public/course-content/exercises/exercise-1.7/diagram.svg,Mesociclo 1 (https://app.notion.com/p/Mesociclo-1-39b6b2772ee4819f91deefd1dd50cf4b?pvs=21),
Exercício 1.11 – Escola tradicional: Lançamento auto-manual,,Escola tradicional: Lançamento auto-manual,exercise-1.11,pt,https://qmngnefmhwigfkaxtmsa.supabase.co/storage/v1/object/public/course-content/exercises/exercise-1.11/diagram.svg,Mesociclo 1 (https://app.notion.com/p/Mesociclo-1-39b6b2772ee4819f91deefd1dd50cf4b?pvs=21),
Exercício 1.16 – Escola Tradicional: Lançamento auto-manual + assistido,,Escola Tradicional: Lançamento auto-manual + assistido,exercise-1.16,pt,https://qmngnefmhwigfkaxtmsa.supabase.co/storage/v1/object/public/course-content/exercises/exercise-1.16/diagram.svg,Mesociclo 1 (https://app.notion.com/p/Mesociclo-1-39b6b2772ee4819f91deefd1dd50cf4b?pvs=21),
Exercise 1.18 – Traditional School: Self-fed + assisted serve,,Consolidation of the dynamics of the First Game Initiation Model – Variant I associated with the 1st Serve,exercise-1.18,en-US,https://qmngnefmhwigfkaxtmsa.supabase.co/storage/v1/object/public/course-content/exercises/exercise-1.18/diagram.svg,Module 1 (https://app.notion.com/p/Module-1-39b6b2772ee481479f81ee102be9a355?pvs=21),
Exercício 1.15 – Escola Tradicional: Lançamento auto-manual + Assistido,,Escola Tradicional: Lançamento auto-manual + Assistido,exercise-1.15,pt,https://qmngnefmhwigfkaxtmsa.supabase.co/storage/v1/object/public/course-content/exercises/exercise-1.15/diagram.svg,Mesociclo 1 (https://app.notion.com/p/Mesociclo-1-39b6b2772ee4819f91deefd1dd50cf4b?pvs=21),
Exercise 1.16 – Traditional School: Self-fed + assisted serve,,Traditional School: Self-fed + assisted serve,exercise-1.16,en-US,https://qmngnefmhwigfkaxtmsa.supabase.co/storage/v1/object/public/course-content/exercises/exercise-1.16/diagram.svg,Module 1 (https://app.notion.com/p/Module-1-39b6b2772ee481479f81ee102be9a355?pvs=21),
Exercise 1.15 – Traditional School: Self-fed + assisted serve,,Traditional School: Self-fed + assisted serve,exercise-1.15,en-US,https://qmngnefmhwigfkaxtmsa.supabase.co/storage/v1/object/public/course-content/exercises/exercise-1.15/diagram.svg,Module 1 (https://app.notion.com/p/Module-1-39b6b2772ee481479f81ee102be9a355?pvs=21),
Exercise 1.13 – Traditional School: Self-fed serve,,Traditional School: Self-fed serve,exercise-1.13,en-US,https://qmngnefmhwigfkaxtmsa.supabase.co/storage/v1/object/public/course-content/exercises/exercise-1.13/diagram.svg,Module 1 (https://app.notion.com/p/Module-1-39b6b2772ee481479f81ee102be9a355?pvs=21),
Exercício 1.14 – Escola Tradicional: Lançamento auto-manual,,Escola Tradicional: Lançamento auto-manual,exercise-1.14,pt,https://qmngnefmhwigfkaxtmsa.supabase.co/storage/v1/object/public/course-content/exercises/exercise-1.14/diagram.svg,Mesociclo 1 (https://app.notion.com/p/Mesociclo-1-39b6b2772ee4819f91deefd1dd50cf4b?pvs=21),
Exercício 1.17 – Escola Tradicional: Lançamento auto-manual + assistido,,Escola Tradicional: Lançamento auto-manual + assistido,exercise-1.17,pt,https://qmngnefmhwigfkaxtmsa.supabase.co/storage/v1/object/public/course-content/exercises/exercise-1.17/diagram.svg,Mesociclo 1 (https://app.notion.com/p/Mesociclo-1-39b6b2772ee4819f91deefd1dd50cf4b?pvs=21),
Exercício 1.13 – Escola Tradicional: Lançamento auto-manual,,Escola Tradicional: Lançamento auto-manual,exercise-1.13,pt,https://qmngnefmhwigfkaxtmsa.supabase.co/storage/v1/object/public/course-content/exercises/exercise-1.13/diagram.svg,Mesociclo 1 (https://app.notion.com/p/Mesociclo-1-39b6b2772ee4819f91deefd1dd50cf4b?pvs=21),
Exercise 1.14 – Traditional School: Self-fed serve,,Traditional School: Self-fed serve,exercise-1.14,en-US,https://qmngnefmhwigfkaxtmsa.supabase.co/storage/v1/object/public/course-content/exercises/exercise-1.14/diagram.svg,Module 1 (https://app.notion.com/p/Module-1-39b6b2772ee481479f81ee102be9a355?pvs=21),
Exercise 1.17 – Traditional School: Self-fed + assisted serve,,Traditional School: Self-fed + assisted serve,exercise-1.17,en-US,https://qmngnefmhwigfkaxtmsa.supabase.co/storage/v1/object/public/course-content/exercises/exercise-1.17/diagram.svg,Module 1 (https://app.notion.com/p/Module-1-39b6b2772ee481479f81ee102be9a355?pvs=21),
Exercício I (1.18) – Escola Tradicional: Lançamento auto-manual + assistido,,Consolidação da dinâmica do Primeiro Modelo de Iniciação de Jogo – Variante I associada ao 1º Serviço,exercise-1.18,pt,https://qmngnefmhwigfkaxtmsa.supabase.co/storage/v1/object/public/course-content/exercises/exercise-1.18/diagram.svg,Mesociclo 1 (https://app.notion.com/p/Mesociclo-1-39b6b2772ee4819f91deefd1dd50cf4b?pvs=21),
Exercise 1.24 – Traditional School: Self-manual + assisted throw,,Consolidation of the dynamics of the First Game Initiation Model – Variant I associated with the response to the 2nd Serve (chiquita),exercise-1.24,en-US,https://qmngnefmhwigfkaxtmsa.supabase.co/storage/v1/object/public/course-content/exercises/exercise-1.24/diagram.svg,Module 1 (https://app.notion.com/p/Module-1-39b6b2772ee481479f81ee102be9a355?pvs=21),
Exercício 1.19 – Escola Tradicional: Lançamento auto-manual + assistido,,Consolidação da dinâmica do Primeiro Modelo de Iniciação de Jogo -Variante II associada ao 1º Serviço,exercise-1.19,pt,https://qmngnefmhwigfkaxtmsa.supabase.co/storage/v1/object/public/course-content/exercises/exercise-1.19/diagram.svg,Mesociclo 1 (https://app.notion.com/p/Mesociclo-1-39b6b2772ee4819f91deefd1dd50cf4b?pvs=21),
Exercise 1.23 – Traditional School: Self-manual + assisted throw,,Consolidation of the dynamics of the First Game Initiation Model – Variant VI associated with the 1st Serve,exercise-1.23,en-US,https://qmngnefmhwigfkaxtmsa.supabase.co/storage/v1/object/public/course-content/exercises/exercise-1.23/diagram.svg,Module 1 (https://app.notion.com/p/Module-1-39b6b2772ee481479f81ee102be9a355?pvs=21),
Exercício 1.22 – Escola Tradicional: Lançamento auto-manual + assistido,,Consolidação da dinâmica do Primeiro Modelo de Iniciação de Jogo - Variante V associada ao 1º Serviço,exercise-1.22,pt,https://qmngnefmhwigfkaxtmsa.supabase.co/storage/v1/object/public/course-content/exercises/exercise-1.22/diagram.svg,Mesociclo 1 (https://app.notion.com/p/Mesociclo-1-39b6b2772ee4819f91deefd1dd50cf4b?pvs=21),
Exercício 1.21 – Escola Tradicional: Lançamento auto-manual + assistido,,Consolidação da dinâmica do Primeiro Modelo de Iniciação de Jogo - Variante IV associada ao 1º Serviço,exercise-1.21,pt,https://qmngnefmhwigfkaxtmsa.supabase.co/storage/v1/object/public/course-content/exercises/exercise-1.21/diagram.svg,Mesociclo 1 (https://app.notion.com/p/Mesociclo-1-39b6b2772ee4819f91deefd1dd50cf4b?pvs=21),
Exercise 1.20 – Traditional School: Self-fed + assisted serve,,Consolidation of the dynamics of the First Game Initiation Model – Variant III associated with the 1st Serve,exercise-1.20,en-US,https://qmngnefmhwigfkaxtmsa.supabase.co/storage/v1/object/public/course-content/exercises/exercise-1.20/diagram.svg,Module 1 (https://app.notion.com/p/Module-1-39b6b2772ee481479f81ee102be9a355?pvs=21),
Exercise 1.21 – Traditional School: Self-manual + assisted throw,,Consolidation of the dynamics of the First Game Initiation Model – Variant IV associated with the 1st Serve,exercise-1.21,en-US,https://qmngnefmhwigfkaxtmsa.supabase.co/storage/v1/object/public/course-content/exercises/exercise-1.21/diagram.svg,Module 1 (https://app.notion.com/p/Module-1-39b6b2772ee481479f81ee102be9a355?pvs=21),
Exercício 1.24 – Escola Tradicional: Lançamento auto-manual + assistido,,Consolidação da dinâmica do Primeiro Modelo de Iniciação de Jogo – Variante I associada à resposta ao 2º Serviço (chiquita),exercise-1.24,pt,https://qmngnefmhwigfkaxtmsa.supabase.co/storage/v1/object/public/course-content/exercises/exercise-1.24/diagram.svg,Mesociclo 1 (https://app.notion.com/p/Mesociclo-1-39b6b2772ee4819f91deefd1dd50cf4b?pvs=21),
Exercício 1.23 – Escola Tradicional: Lançamento auto-manual + assistido,,Consolidação da dinâmica do Primeiro Modelo de Iniciação de Jogo - Variante VI associada ao 1º Serviço,exercise-1.23,pt,https://qmngnefmhwigfkaxtmsa.supabase.co/storage/v1/object/public/course-content/exercises/exercise-1.23/diagram.svg,Mesociclo 1 (https://app.notion.com/p/Mesociclo-1-39b6b2772ee4819f91deefd1dd50cf4b?pvs=21),
Exercise 1.22 – Traditional School: Self-manual + assisted throw,,Consolidation of the dynamics of the First Game Initiation Model – Variant V associated with the 1st Serve,exercise-1.22,en-US,https://qmngnefmhwigfkaxtmsa.supabase.co/storage/v1/object/public/course-content/exercises/exercise-1.22/diagram.svg,Module 1 (https://app.notion.com/p/Module-1-39b6b2772ee481479f81ee102be9a355?pvs=21),
Exercício 1.20 – Escola Tradicional: Lançamento auto-manual + assistido,,Consolidação da dinâmica do Primeiro Modelo de Iniciação de Jogo - Variante III associada ao 1º Serviço,exercise-1.20,pt,https://qmngnefmhwigfkaxtmsa.supabase.co/storage/v1/object/public/course-content/exercises/exercise-1.20/diagram.svg,Mesociclo 1 (https://app.notion.com/p/Mesociclo-1-39b6b2772ee4819f91deefd1dd50cf4b?pvs=21),
Exercise 1.19 – Traditional School: Self-fed + assisted serve,,Consolidation of the dynamics of the First Game Initiation Model – Variant II associated with the 1st Serve,exercise-1.19,en-US,https://qmngnefmhwigfkaxtmsa.supabase.co/storage/v1/object/public/course-content/exercises/exercise-1.19/diagram.svg,Module 1 (https://app.notion.com/p/Module-1-39b6b2772ee481479f81ee102be9a355?pvs=21),
Exercise 1.28 – Traditional School: Self-manual + assisted throw,,Consolidation of the dynamics of the First Game Initiation Model – Variant I associated with the response to the 2nd Serve (chiquita),exercise-1.28,en-US,https://qmngnefmhwigfkaxtmsa.supabase.co/storage/v1/object/public/course-content/exercises/exercise-1.28/diagram.svg,Module 1 (https://app.notion.com/p/Module-1-39b6b2772ee481479f81ee102be9a355?pvs=21),
Exercício 1.31 – Escola Tradicional: Lançamento auto-manual + assistido,,Consolidação da dinâmica do Primeiro Modelo de Iniciação de Jogo – Variante IV associada à resposta ao 2º Serviço (BRAP),exercise-1.31,pt,https://qmngnefmhwigfkaxtmsa.supabase.co/storage/v1/object/public/course-content/exercises/exercise-1.31/diagram.svg,Mesociclo 1 (https://app.notion.com/p/Mesociclo-1-39b6b2772ee4819f91deefd1dd50cf4b?pvs=21),
Exercício 1.29 – Escola Tradicional: Lançamento auto-manual + assistido,,Consolidação da dinâmica do Primeiro Modelo de Iniciação de Jogo – Variante II associada à resposta ao 2º Serviço (Balão Rápido = BR),exercise-1.29,pt,https://qmngnefmhwigfkaxtmsa.supabase.co/storage/v1/object/public/course-content/exercises/exercise-1.29/diagram.svg,Mesociclo 1 (https://app.notion.com/p/Mesociclo-1-39b6b2772ee4819f91deefd1dd50cf4b?pvs=21),
Exercício 1.28 – Escola Tradicional: Lançamento auto-manual + assistido,,Consolidação da dinâmica do Primeiro Modelo de Iniciação de Jogo – Variante I associada à resposta ao 2º Serviço (chiquita),exercise-1.28,pt,https://qmngnefmhwigfkaxtmsa.supabase.co/storage/v1/object/public/course-content/exercises/exercise-1.28/diagram.svg,Mesociclo 1 (https://app.notion.com/p/Mesociclo-1-39b6b2772ee4819f91deefd1dd50cf4b?pvs=21),
Exercise 1.25 – Traditional School: Self-manual + assisted throw,,Consolidation of the dynamics of the First Game Initiation Model – Variant II associated with the response to the 2nd Serve (Fast Lob = BR),exercise-1.25,en-US,https://qmngnefmhwigfkaxtmsa.supabase.co/storage/v1/object/public/course-content/exercises/exercise-1.25/diagram.svg,Module 1 (https://app.notion.com/p/Module-1-39b6b2772ee481479f81ee102be9a355?pvs=21),
Exercício 1.25 – Escola Tradicional: Lançamento auto-manual + assistido,,Consolidação da dinâmica do Primeiro Modelo de Iniciação de Jogo – Variante II associada à resposta ao 2º Serviço (Balão Rápido = BR),exercise-1.25,pt,https://qmngnefmhwigfkaxtmsa.supabase.co/storage/v1/object/public/course-content/exercises/exercise-1.25/diagram.svg,Mesociclo 1 (https://app.notion.com/p/Mesociclo-1-39b6b2772ee4819f91deefd1dd50cf4b?pvs=21),
Exercise 1.30 – Traditional School: Self-manual + assisted throw,,Consolidation of the dynamics of the First Game Initiation Model – Variant III associated with the response to the 2nd Serve (High Lob = BA),exercise-1.30,en-US,https://qmngnefmhwigfkaxtmsa.supabase.co/storage/v1/object/public/course-content/exercises/exercise-1.30/diagram.svg,Module 1 (https://app.notion.com/p/Module-1-39b6b2772ee481479f81ee102be9a355?pvs=21),
Exercício I (1.27) – Escola Tradicional: Lançamento auto-manual + assistido,,Consolidação da dinâmica do Primeiro Modelo de Iniciação de Jogo – Variante IV associada à resposta ao 2º Serviço (BRAP),exercise-1.27,pt,https://qmngnefmhwigfkaxtmsa.supabase.co/storage/v1/object/public/course-content/exercises/exercise-1.27/diagram.svg,Mesociclo 1 (https://app.notion.com/p/Mesociclo-1-39b6b2772ee4819f91deefd1dd50cf4b?pvs=21),
Exercise 1.31 – Traditional School: Self-manual + assisted throw,,Consolidation of the dynamics of the First Game Initiation Model – Variant IV associated with the response to the 2nd Serve (BRAP),exercise-1.31,en-US,https://qmngnefmhwigfkaxtmsa.supabase.co/storage/v1/object/public/course-content/exercises/exercise-1.31/diagram.svg,Module 1 (https://app.notion.com/p/Module-1-39b6b2772ee481479f81ee102be9a355?pvs=21),
Exercise 1.27 – Traditional School: Self-manual + assisted throw,,Consolidation of the dynamics of the First Game Initiation Model – Variant IV associated with the response to the 2nd Serve (BRAP),exercise-1.27,en-US,https://qmngnefmhwigfkaxtmsa.supabase.co/storage/v1/object/public/course-content/exercises/exercise-1.27/diagram.svg,Module 1 (https://app.notion.com/p/Module-1-39b6b2772ee481479f81ee102be9a355?pvs=21),
Exercício 1.26 – Escola Tradicional: Lançamento auto-manual + assistido,,Consolidação da dinâmica do Primeiro Modelo de Iniciação de Jogo – Variante III associada à resposta ao 2º Serviço (Balão Altura = BA),exercise-1.26,pt,https://qmngnefmhwigfkaxtmsa.supabase.co/storage/v1/object/public/course-content/exercises/exercise-1.26/diagram.svg,Mesociclo 1 (https://app.notion.com/p/Mesociclo-1-39b6b2772ee4819f91deefd1dd50cf4b?pvs=21),
Exercício 1.30 – Escola Tradicional: Lançamento auto-manual + assistido,,Consolidação da dinâmica do Primeiro Modelo de Iniciação de Jogo – Variante III associada à resposta ao 2º Serviço (Balão Altura = BA),exercise-1.30,pt,https://qmngnefmhwigfkaxtmsa.supabase.co/storage/v1/object/public/course-content/exercises/exercise-1.30/diagram.svg,Mesociclo 1 (https://app.notion.com/p/Mesociclo-1-39b6b2772ee4819f91deefd1dd50cf4b?pvs=21),
Exercise 1.26 – Traditional School: Self-manual + assisted throw,,Consolidation of the dynamics of the First Game Initiation Model – Variant III associated with the response to the 2nd Serve (High Lob = BA),exercise-1.26,en-US,https://qmngnefmhwigfkaxtmsa.supabase.co/storage/v1/object/public/course-content/exercises/exercise-1.26/diagram.svg,Module 1 (https://app.notion.com/p/Module-1-39b6b2772ee481479f81ee102be9a355?pvs=21),
Exercise 1.29 – Traditional School: Self-manual + assisted throw,,Consolidation of the dynamics of the First Game Initiation Model – Variant II associated with the response to the 2nd Serve (Fast Lob = BR),exercise-1.29,en-US,https://qmngnefmhwigfkaxtmsa.supabase.co/storage/v1/object/public/course-content/exercises/exercise-1.29/diagram.svg,Module 1 (https://app.notion.com/p/Module-1-39b6b2772ee481479f81ee102be9a355?pvs=21),
Exercise 2.0 – Independent Exercise,,Independent Exercise,exercise-2.0,en-US,https://qmngnefmhwigfkaxtmsa.supabase.co/storage/v1/object/public/course-content/exercises/exercise-2.0/diagram.svg,Module 2 (https://app.notion.com/p/Module-2-39b6b2772ee4812092e6c5b9b96299e3?pvs=21),
Exercício 2.0 – Exercício de Independente,,Exercício de Independente,exercise-2.0,pt,https://qmngnefmhwigfkaxtmsa.supabase.co/storage/v1/object/public/course-content/exercises/exercise-2.0/diagram.svg,Mesociclo 2 (https://app.notion.com/p/Mesociclo-2-39b6b2772ee48117a2f6c22577e2a60e?pvs=21),
Exercise 2.1 – Independent Exercise,,Independent Exercise,exercise-2.1,en-US,https://qmngnefmhwigfkaxtmsa.supabase.co/storage/v1/object/public/course-content/exercises/exercise-2.1/diagram.svg,Module 2 (https://app.notion.com/p/Module-2-39b6b2772ee4812092e6c5b9b96299e3?pvs=21),
Exercício 2.1 – Exercício de Independente,,Exercício de Independente,exercise-2.1,pt,https://qmngnefmhwigfkaxtmsa.supabase.co/storage/v1/object/public/course-content/exercises/exercise-2.1/diagram.svg,Mesociclo 2 (https://app.notion.com/p/Mesociclo-2-39b6b2772ee48117a2f6c22577e2a60e?pvs=21),
Exercise 2.2 – Independent Exercise,,Independent Exercise,exercise-2.2,en-US,https://qmngnefmhwigfkaxtmsa.supabase.co/storage/v1/object/public/course-content/exercises/exercise-2.2/diagram.svg,Module 2 (https://app.notion.com/p/Module-2-39b6b2772ee4812092e6c5b9b96299e3?pvs=21),
Exercício 2.2 – Exercício de Independente,,Exercício de Independente,exercise-2.2,pt,https://qmngnefmhwigfkaxtmsa.supabase.co/storage/v1/object/public/course-content/exercises/exercise-2.2/diagram.svg,Mesociclo 2 (https://app.notion.com/p/Mesociclo-2-39b6b2772ee48117a2f6c22577e2a60e?pvs=21),
Exercise 2.3 – Independent Exercise,,Independent Exercise,exercise-2.3,en-US,https://qmngnefmhwigfkaxtmsa.supabase.co/storage/v1/object/public/course-content/exercises/exercise-2.3/diagram.svg,Module 2 (https://app.notion.com/p/Module-2-39b6b2772ee4812092e6c5b9b96299e3?pvs=21),
Exercício 2.3 – Exercício de Independente,,Exercício de Independente,exercise-2.3,pt,https://qmngnefmhwigfkaxtmsa.supabase.co/storage/v1/object/public/course-content/exercises/exercise-2.3/diagram.svg,Mesociclo 2 (https://app.notion.com/p/Mesociclo-2-39b6b2772ee48117a2f6c22577e2a60e?pvs=21),
Exercise 2.4 – Independent Exercise,,Independent Exercise,exercise-2.4,en-US,,Module 2 (https://app.notion.com/p/Module-2-39b6b2772ee4812092e6c5b9b96299e3?pvs=21),
Exercício 2.4 – Exercício de Independente,,Exercício de Independente,exercise-2.4,pt,,Mesociclo 2 (https://app.notion.com/p/Mesociclo-2-39b6b2772ee48117a2f6c22577e2a60e?pvs=21),
Exercise 2.5 – Traditional School: Racket Feed,,Traditional School: Racket Feed,exercise-2.5,en-US,https://qmngnefmhwigfkaxtmsa.supabase.co/storage/v1/object/public/course-content/exercises/exercise-2.5/diagram.svg,Module 2 (https://app.notion.com/p/Module-2-39b6b2772ee4812092e6c5b9b96299e3?pvs=21),
Exercício 2.5 – Escola Tradicional: Lançamento com Raquete,,Escola Tradicional: Lançamento com Raquete,exercise-2.5,pt,https://qmngnefmhwigfkaxtmsa.supabase.co/storage/v1/object/public/course-content/exercises/exercise-2.5/diagram.svg,Mesociclo 2 (https://app.notion.com/p/Mesociclo-2-39b6b2772ee48117a2f6c22577e2a60e?pvs=21),
Exercise 2.6 – Traditional School: Racket Feed,,Traditional School: Racket Feed,exercise-2.6,en-US,https://qmngnefmhwigfkaxtmsa.supabase.co/storage/v1/object/public/course-content/exercises/exercise-2.6/diagram.svg,Module 2 (https://app.notion.com/p/Module-2-39b6b2772ee4812092e6c5b9b96299e3?pvs=21),
Exercício 2.6 – Escola Tradicional: Lançamento com Raquete,,Escola Tradicional: Lançamento com Raquete,exercise-2.6,pt,https://qmngnefmhwigfkaxtmsa.supabase.co/storage/v1/object/public/course-content/exercises/exercise-2.6/diagram.svg,Mesociclo 2 (https://app.notion.com/p/Mesociclo-2-39b6b2772ee48117a2f6c22577e2a60e?pvs=21),
Exercise 2.7 – Traditional School: Racket Feed,,Traditional School: Racket Feed,exercise-2.7,en-US,https://qmngnefmhwigfkaxtmsa.supabase.co/storage/v1/object/public/course-content/exercises/exercise-2.7/diagram.svg,Module 2 (https://app.notion.com/p/Module-2-39b6b2772ee4812092e6c5b9b96299e3?pvs=21),
Exercício 2.7 – Escola Tradicional: Lançamento com Raquete,,Escola Tradicional: Lançamento com Raquete,exercise-2.7,pt,https://qmngnefmhwigfkaxtmsa.supabase.co/storage/v1/object/public/course-content/exercises/exercise-2.7/diagram.svg,Mesociclo 2 (https://app.notion.com/p/Mesociclo-2-39b6b2772ee48117a2f6c22577e2a60e?pvs=21),
Exercise 2.8 – Racket Feed and Assisted Exercise,,Racket Feed and Assisted Exercise,exercise-2.8,en-US,https://qmngnefmhwigfkaxtmsa.supabase.co/storage/v1/object/public/course-content/exercises/exercise-2.8/diagram.svg,Module 2 (https://app.notion.com/p/Module-2-39b6b2772ee4812092e6c5b9b96299e3?pvs=21),
Exercício 2.8 – Exercício de lançamento com a raquete e assistido,,Exercício de lançamento com a raquete e assistido,exercise-2.8,pt,https://qmngnefmhwigfkaxtmsa.supabase.co/storage/v1/object/public/course-content/exercises/exercise-2.8/diagram.svg,Mesociclo 2 (https://app.notion.com/p/Mesociclo-2-39b6b2772ee48117a2f6c22577e2a60e?pvs=21),
Exercise 2.9 – Racket Feed and Assisted Exercise,,Racket Feed and Assisted Exercise,exercise-2.9,en-US,https://qmngnefmhwigfkaxtmsa.supabase.co/storage/v1/object/public/course-content/exercises/exercise-2.9/diagram.svg,Module 2 (https://app.notion.com/p/Module-2-39b6b2772ee4812092e6c5b9b96299e3?pvs=21),
Exercício 2.9 – Exercício de lançamento com a raquete e assistido,,Exercício de lançamento com a raquete e assistido,exercise-2.9,pt,https://qmngnefmhwigfkaxtmsa.supabase.co/storage/v1/object/public/course-content/exercises/exercise-2.9/diagram.svg,Mesociclo 2 (https://app.notion.com/p/Mesociclo-2-39b6b2772ee48117a2f6c22577e2a60e?pvs=21),
Exercise 2.10 – Live-Ball and Assisted Exercise,,Live-Ball and Assisted Exercise,exercise-2.10,en-US,https://qmngnefmhwigfkaxtmsa.supabase.co/storage/v1/object/public/course-content/exercises/exercise-2.10/diagram.svg,Module 2 (https://app.notion.com/p/Module-2-39b6b2772ee4812092e6c5b9b96299e3?pvs=21),
Exercício 2.10 – Exercício de bola-viva e assistido,,Exercício de bola-viva e assistido,exercise-2.10,pt,https://qmngnefmhwigfkaxtmsa.supabase.co/storage/v1/object/public/course-content/exercises/exercise-2.10/diagram.svg,Mesociclo 2 (https://app.notion.com/p/Mesociclo-2-39b6b2772ee48117a2f6c22577e2a60e?pvs=21),
Exercise 2.11 – Live-Ball and Assisted Exercise,,Live-Ball and Assisted Exercise,exercise-2.11,en-US,https://qmngnefmhwigfkaxtmsa.supabase.co/storage/v1/object/public/course-content/exercises/exercise-2.11/diagram.svg,Module 2 (https://app.notion.com/p/Module-2-39b6b2772ee4812092e6c5b9b96299e3?pvs=21),
Exercício 2.11 – Exercício de bola-viva e assistido,,Exercício de bola-viva e assistido,exercise-2.11,pt,https://qmngnefmhwigfkaxtmsa.supabase.co/storage/v1/object/public/course-content/exercises/exercise-2.11/diagram.svg,Mesociclo 2 (https://app.notion.com/p/Mesociclo-2-39b6b2772ee48117a2f6c22577e2a60e?pvs=21),
Exercise 2.12 – Live-Ball Exercise with Assistant,,Live-Ball Exercise with Assistant,exercise-2.12,en-US,https://qmngnefmhwigfkaxtmsa.supabase.co/storage/v1/object/public/course-content/exercises/exercise-2.12/diagram.svg,Module 2 (https://app.notion.com/p/Module-2-39b6b2772ee4812092e6c5b9b96299e3?pvs=21),
Exercício 2.12 – Exercício de bola-viva com auxiliador,,Exercício de bola-viva com auxiliador,exercise-2.12,pt,https://qmngnefmhwigfkaxtmsa.supabase.co/storage/v1/object/public/course-content/exercises/exercise-2.12/diagram.svg,Mesociclo 2 (https://app.notion.com/p/Mesociclo-2-39b6b2772ee48117a2f6c22577e2a60e?pvs=21),
Exercise 2.13 – Live-Ball Exercise,,Live-Ball Exercise,exercise-2.13,en-US,https://qmngnefmhwigfkaxtmsa.supabase.co/storage/v1/object/public/course-content/exercises/exercise-2.13/diagram.svg,Module 2 (https://app.notion.com/p/Module-2-39b6b2772ee4812092e6c5b9b96299e3?pvs=21),
Exercício 2.13 – Exercício de bola-viva,,Exercício de bola-viva,exercise-2.13,pt,https://qmngnefmhwigfkaxtmsa.supabase.co/storage/v1/object/public/course-content/exercises/exercise-2.13/diagram.svg,Mesociclo 2 (https://app.notion.com/p/Mesociclo-2-39b6b2772ee48117a2f6c22577e2a60e?pvs=21),
Exercise 2.14 – Live-Ball Exercise,,Live-Ball Exercise,exercise-2.14,en-US,https://qmngnefmhwigfkaxtmsa.supabase.co/storage/v1/object/public/course-content/exercises/exercise-2.14/diagram.svg,Module 2 (https://app.notion.com/p/Module-2-39b6b2772ee4812092e6c5b9b96299e3?pvs=21),
Exercício 2.14 – Exercício de bola-viva,,Exercício de bola-viva,exercise-2.14,pt,https://qmngnefmhwigfkaxtmsa.supabase.co/storage/v1/object/public/course-content/exercises/exercise-2.14/diagram.svg,Mesociclo 2 (https://app.notion.com/p/Mesociclo-2-39b6b2772ee48117a2f6c22577e2a60e?pvs=21),
Exercise 2.15 – Live-Ball Exercise,,Live-Ball Exercise,exercise-2.15,en-US,https://qmngnefmhwigfkaxtmsa.supabase.co/storage/v1/object/public/course-content/exercises/exercise-2.15/diagram.svg,Module 2 (https://app.notion.com/p/Module-2-39b6b2772ee4812092e6c5b9b96299e3?pvs=21),
Exercício 2.15 – Exercício de bola-viva,,Exercício de bola-viva,exercise-2.15,pt,https://qmngnefmhwigfkaxtmsa.supabase.co/storage/v1/object/public/course-content/exercises/exercise-2.15/diagram.svg,Mesociclo 2 (https://app.notion.com/p/Mesociclo-2-39b6b2772ee48117a2f6c22577e2a60e?pvs=21),
Exercise 2.16 – Live-Ball Exercise Supported by Self-Feed,,Live-Ball Exercise Supported by Self-Feed,exercise-2.16,en-US,https://qmngnefmhwigfkaxtmsa.supabase.co/storage/v1/object/public/course-content/exercises/exercise-2.16/diagram.svg,Module 2 (https://app.notion.com/p/Module-2-39b6b2772ee4812092e6c5b9b96299e3?pvs=21),
Exercício 2.16 – Exercício de bola-viva suportada num auto lançamento,,Exercício de bola-viva suportada num auto lançamento,exercise-2.16,pt,https://qmngnefmhwigfkaxtmsa.supabase.co/storage/v1/object/public/course-content/exercises/exercise-2.16/diagram.svg,Mesociclo 2 (https://app.notion.com/p/Mesociclo-2-39b6b2772ee48117a2f6c22577e2a60e?pvs=21),
Exercise 2.17 – Live-Ball Exercise Supported by Self-Feed,,Live-Ball Exercise Supported by Self-Feed,exercise-2.17,en-US,https://qmngnefmhwigfkaxtmsa.supabase.co/storage/v1/object/public/course-content/exercises/exercise-2.17/diagram.svg,Module 2 (https://app.notion.com/p/Module-2-39b6b2772ee4812092e6c5b9b96299e3?pvs=21),
Exercício 2.17 – Exercício de bola-viva suportada num auto lançamento,,Exercício de bola-viva suportada num auto lançamento,exercise-2.17,pt,https://qmngnefmhwigfkaxtmsa.supabase.co/storage/v1/object/public/course-content/exercises/exercise-2.17/diagram.svg,Mesociclo 2 (https://app.notion.com/p/Mesociclo-2-39b6b2772ee48117a2f6c22577e2a60e?pvs=21),
Exercise 2.18 – Live-Ball Exercise Supported by Self-Feed,,Live-Ball Exercise Supported by Self-Feed,exercise-2.18,en-US,https://qmngnefmhwigfkaxtmsa.supabase.co/storage/v1/object/public/course-content/exercises/exercise-2.18/diagram.svg,Module 2 (https://app.notion.com/p/Module-2-39b6b2772ee4812092e6c5b9b96299e3?pvs=21),
Exercício 2.18 – Exercício de bola-viva suportada num auto lançamento,,Exercício de bola-viva suportada num auto lançamento,exercise-2.18,pt,https://qmngnefmhwigfkaxtmsa.supabase.co/storage/v1/object/public/course-content/exercises/exercise-2.18/diagram.svg,Mesociclo 2 (https://app.notion.com/p/Mesociclo-2-39b6b2772ee48117a2f6c22577e2a60e?pvs=21),
Exercise 2.19 – Live-Ball Exercise Supported by Self-Feed,,Live-Ball Exercise Supported by Self-Feed,exercise-2.19,en-US,https://qmngnefmhwigfkaxtmsa.supabase.co/storage/v1/object/public/course-content/exercises/exercise-2.19/diagram.svg,Module 2 (https://app.notion.com/p/Module-2-39b6b2772ee4812092e6c5b9b96299e3?pvs=21),
Exercício 2.19 – Exercício de bola-viva suportada num auto lançamento,,Exercício de bola-viva suportada num auto lançamento,exercise-2.19,pt,https://qmngnefmhwigfkaxtmsa.supabase.co/storage/v1/object/public/course-content/exercises/exercise-2.19/diagram.svg,Mesociclo 2 (https://app.notion.com/p/Mesociclo-2-39b6b2772ee48117a2f6c22577e2a60e?pvs=21),
Exercise 2.20 – Live-Ball Exercise Supported by Self-Feed,,Live-Ball Exercise Supported by Self-Feed,exercise-2.20,en-US,https://qmngnefmhwigfkaxtmsa.supabase.co/storage/v1/object/public/course-content/exercises/exercise-2.20/diagram.svg,Module 2 (https://app.notion.com/p/Module-2-39b6b2772ee4812092e6c5b9b96299e3?pvs=21),
Exercício 2.20 – Exercício de bola-viva suportada num auto lançamento,,Exercício de bola-viva suportada num auto lançamento,exercise-2.20,pt,https://qmngnefmhwigfkaxtmsa.supabase.co/storage/v1/object/public/course-content/exercises/exercise-2.20/diagram.svg,Mesociclo 2 (https://app.notion.com/p/Mesociclo-2-39b6b2772ee48117a2f6c22577e2a60e?pvs=21),
Exercise 2.21 – Conditioned Game Exercises,,Conditioned Game Exercises,exercise-2.21,en-US,https://qmngnefmhwigfkaxtmsa.supabase.co/storage/v1/object/public/course-content/exercises/exercise-2.21/diagram.svg,Module 2 (https://app.notion.com/p/Module-2-39b6b2772ee4812092e6c5b9b96299e3?pvs=21),
Exercício 2.21 – Exercícios de jogos condicionados,,Exercícios de jogos condicionados,exercise-2.21,pt,https://qmngnefmhwigfkaxtmsa.supabase.co/storage/v1/object/public/course-content/exercises/exercise-2.21/diagram.svg,Mesociclo 2 (https://app.notion.com/p/Mesociclo-2-39b6b2772ee48117a2f6c22577e2a60e?pvs=21),
Exercise 2.22 – Conditioned Game Exercises,,Conditioned Game Exercises,exercise-2.22,en-US,https://qmngnefmhwigfkaxtmsa.supabase.co/storage/v1/object/public/course-content/exercises/exercise-2.22/diagram.svg,Module 2 (https://app.notion.com/p/Module-2-39b6b2772ee4812092e6c5b9b96299e3?pvs=21),
Exercício 2.22 – Exercícios de jogos condicionados,,Exercícios de jogos condicionados,exercise-2.22,pt,https://qmngnefmhwigfkaxtmsa.supabase.co/storage/v1/object/public/course-content/exercises/exercise-2.22/diagram.svg,Mesociclo 2 (https://app.notion.com/p/Mesociclo-2-39b6b2772ee48117a2f6c22577e2a60e?pvs=21),
Exercise 2.23 – Conditioned Game Exercises,,Conditioned Game Exercises,exercise-2.23,en-US,https://qmngnefmhwigfkaxtmsa.supabase.co/storage/v1/object/public/course-content/exercises/exercise-2.23/diagram.svg,Module 2 (https://app.notion.com/p/Module-2-39b6b2772ee4812092e6c5b9b96299e3?pvs=21),
Exercício 2.23 – Exercícios de jogos condicionados,,Exercícios de jogos condicionados,exercise-2.23,pt,https://qmngnefmhwigfkaxtmsa.supabase.co/storage/v1/object/public/course-content/exercises/exercise-2.23/diagram.svg,Mesociclo 2 (https://app.notion.com/p/Mesociclo-2-39b6b2772ee48117a2f6c22577e2a60e?pvs=21),
Exercise 2.24 – Conditioned Game Exercises,,Conditioned Game Exercises,exercise-2.24,en-US,https://qmngnefmhwigfkaxtmsa.supabase.co/storage/v1/object/public/course-content/exercises/exercise-2.24/diagram.svg,Module 2 (https://app.notion.com/p/Module-2-39b6b2772ee4812092e6c5b9b96299e3?pvs=21),
Exercício 2.24 – Exercícios de Jogos Condicionados,,Exercícios de Jogos Condicionados,exercise-2.24,pt,https://qmngnefmhwigfkaxtmsa.supabase.co/storage/v1/object/public/course-content/exercises/exercise-2.24/diagram.svg,Mesociclo 2 (https://app.notion.com/p/Mesociclo-2-39b6b2772ee48117a2f6c22577e2a60e?pvs=21),
Exercise 2.25 – Traditional School Exercises,,Traditional School Exercises,exercise-2.25,en-US,https://qmngnefmhwigfkaxtmsa.supabase.co/storage/v1/object/public/course-content/exercises/exercise-2.25/diagram.svg,Module 2 (https://app.notion.com/p/Module-2-39b6b2772ee4812092e6c5b9b96299e3?pvs=21),
Exercício 2.25 – Exercícios de Escola Tradicional,,Exercícios de Escola Tradicional,exercise-2.25,pt,https://qmngnefmhwigfkaxtmsa.supabase.co/storage/v1/object/public/course-content/exercises/exercise-2.25/diagram.svg,Mesociclo 2 (https://app.notion.com/p/Mesociclo-2-39b6b2772ee48117a2f6c22577e2a60e?pvs=21),
Exercise 2.26 – Traditional School Exercises,,Traditional School Exercises,exercise-2.26,en-US,https://qmngnefmhwigfkaxtmsa.supabase.co/storage/v1/object/public/course-content/exercises/exercise-2.26/diagram.svg,Module 2 (https://app.notion.com/p/Module-2-39b6b2772ee4812092e6c5b9b96299e3?pvs=21),
Exercício 2.26 – Exercícios de escola tradicional,,Exercícios de escola tradicional,exercise-2.26,pt,https://qmngnefmhwigfkaxtmsa.supabase.co/storage/v1/object/public/course-content/exercises/exercise-2.26/diagram.svg,Mesociclo 2 (https://app.notion.com/p/Mesociclo-2-39b6b2772ee48117a2f6c22577e2a60e?pvs=21),
Exercise 2.27 – Traditional School Exercises,,Traditional School Exercises,exercise-2.27,en-US,https://qmngnefmhwigfkaxtmsa.supabase.co/storage/v1/object/public/course-content/exercises/exercise-2.27/diagram.svg,Module 2 (https://app.notion.com/p/Module-2-39b6b2772ee4812092e6c5b9b96299e3?pvs=21),
Exercício 2.27 – Exercícios de escola tradicional,,Exercícios de escola tradicional,exercise-2.27,pt,https://qmngnefmhwigfkaxtmsa.supabase.co/storage/v1/object/public/course-content/exercises/exercise-2.27/diagram.svg,Mesociclo 2 (https://app.notion.com/p/Mesociclo-2-39b6b2772ee48117a2f6c22577e2a60e?pvs=21),
Exercise 2.28 – Assisted Traditional School Exercises,,Assisted Traditional School Exercises,exercise-2.28,en-US,https://qmngnefmhwigfkaxtmsa.supabase.co/storage/v1/object/public/course-content/exercises/exercise-2.28/diagram.svg,Module 2 (https://app.notion.com/p/Module-2-39b6b2772ee4812092e6c5b9b96299e3?pvs=21),
Exercício 2.28 – Exercícios de escola tradicional assistido,,Exercícios de escola tradicional assistido,exercise-2.28,pt,https://qmngnefmhwigfkaxtmsa.supabase.co/storage/v1/object/public/course-content/exercises/exercise-2.28/diagram.svg,Mesociclo 2 (https://app.notion.com/p/Mesociclo-2-39b6b2772ee48117a2f6c22577e2a60e?pvs=21),
Exercise 2.29 – Assisted Traditional School Exercises,,Assisted Traditional School Exercises,exercise-2.29,en-US,https://qmngnefmhwigfkaxtmsa.supabase.co/storage/v1/object/public/course-content/exercises/exercise-2.29/diagram.svg,Module 2 (https://app.notion.com/p/Module-2-39b6b2772ee4812092e6c5b9b96299e3?pvs=21),
Exercício 2.29 – Exercícios de escola tradicional assistido,,Exercícios de escola tradicional assistido,exercise-2.29,pt,https://qmngnefmhwigfkaxtmsa.supabase.co/storage/v1/object/public/course-content/exercises/exercise-2.29/diagram.svg,Mesociclo 2 (https://app.notion.com/p/Mesociclo-2-39b6b2772ee48117a2f6c22577e2a60e?pvs=21),
Exercise 2.30 – Assisted Traditional School Exercises – Manual Feed,,Assisted Traditional School Exercises – Manual Feed,exercise-2.30,en-US,https://qmngnefmhwigfkaxtmsa.supabase.co/storage/v1/object/public/course-content/exercises/exercise-2.30/diagram.svg,Module 2 (https://app.notion.com/p/Module-2-39b6b2772ee4812092e6c5b9b96299e3?pvs=21),
Exercício 2.30 – Exercícios de escola tradicional assistido – Lançamento Manual,,Exercícios de escola tradicional assistido – Lançamento Manual,exercise-2.30,pt,https://qmngnefmhwigfkaxtmsa.supabase.co/storage/v1/object/public/course-content/exercises/exercise-2.30/diagram.svg,Mesociclo 2 (https://app.notion.com/p/Mesociclo-2-39b6b2772ee48117a2f6c22577e2a60e?pvs=21),
Exercise 2.31 – Assisted Traditional School Exercises – Manual Feed,,Assisted Traditional School Exercises – Manual Feed,exercise-2.31,en-US,https://qmngnefmhwigfkaxtmsa.supabase.co/storage/v1/object/public/course-content/exercises/exercise-2.31/diagram.svg,Module 2 (https://app.notion.com/p/Module-2-39b6b2772ee4812092e6c5b9b96299e3?pvs=21),
Exercício 2.31 – Exercícios de escola tradicional assistido – Lançamento Manual,,Exercícios de escola tradicional assistido – Lançamento Manual,exercise-2.31,pt,https://qmngnefmhwigfkaxtmsa.supabase.co/storage/v1/object/public/course-content/exercises/exercise-2.31/diagram.svg,Mesociclo 2 (https://app.notion.com/p/Mesociclo-2-39b6b2772ee48117a2f6c22577e2a60e?pvs=21),
Exercise 2.32 – Assisted Traditional School Exercises – Manual Feed,,Assisted Traditional School Exercises – Manual Feed,exercise-2.32,en-US,https://qmngnefmhwigfkaxtmsa.supabase.co/storage/v1/object/public/course-content/exercises/exercise-2.32/diagram.svg,Module 2 (https://app.notion.com/p/Module-2-39b6b2772ee4812092e6c5b9b96299e3?pvs=21),
Exercício 2.32 – Exercícios de escola tradicional assistido – Lançamento Manual,,Exercícios de escola tradicional assistido – Lançamento Manual,exercise-2.32,pt,https://qmngnefmhwigfkaxtmsa.supabase.co/storage/v1/object/public/course-content/exercises/exercise-2.32/diagram.svg,Mesociclo 2 (https://app.notion.com/p/Mesociclo-2-39b6b2772ee48117a2f6c22577e2a60e?pvs=21),
Exercise 2.33 – Assisted Traditional School Exercises – Manual Feed,,Assisted Traditional School Exercises – Manual Feed,exercise-2.33,en-US,https://qmngnefmhwigfkaxtmsa.supabase.co/storage/v1/object/public/course-content/exercises/exercise-2.33/diagram.svg,Module 2 (https://app.notion.com/p/Module-2-39b6b2772ee4812092e6c5b9b96299e3?pvs=21),
Exercício 2.33 – Exercícios de escola tradicional assistido – Lançamento Manual,,Exercícios de escola tradicional assistido – Lançamento Manual,exercise-2.33,pt,https://qmngnefmhwigfkaxtmsa.supabase.co/storage/v1/object/public/course-content/exercises/exercise-2.33/diagram.svg,Mesociclo 2 (https://app.notion.com/p/Mesociclo-2-39b6b2772ee48117a2f6c22577e2a60e?pvs=21),
Exercise 2.34 – Assisted Traditional School Exercises – Manual Feed,,Assisted Traditional School Exercises – Manual Feed,exercise-2.34,en-US,https://qmngnefmhwigfkaxtmsa.supabase.co/storage/v1/object/public/course-content/exercises/exercise-2.34/diagram.svg,Module 2 (https://app.notion.com/p/Module-2-39b6b2772ee4812092e6c5b9b96299e3?pvs=21),
Exercício 2.34 – Exercícios de escola tradicional assistido – Lançamento Manual,,Exercícios de escola tradicional assistido – Lançamento Manual,exercise-2.34,pt,https://qmngnefmhwigfkaxtmsa.supabase.co/storage/v1/object/public/course-content/exercises/exercise-2.34/diagram.svg,Mesociclo 2 (https://app.notion.com/p/Mesociclo-2-39b6b2772ee48117a2f6c22577e2a60e?pvs=21),
Exercise 2.35 – Assisted Traditional School Exercises – Manual Feed,,Assisted Traditional School Exercises – Manual Feed,exercise-2.35,en-US,https://qmngnefmhwigfkaxtmsa.supabase.co/storage/v1/object/public/course-content/exercises/exercise-2.35/diagram.svg,Module 2 (https://app.notion.com/p/Module-2-39b6b2772ee4812092e6c5b9b96299e3?pvs=21),
Exercício 2.35 – Exercícios de escola tradicional assistido – Lançamento Manual,,Exercícios de escola tradicional assistido – Lançamento Manual,exercise-2.35,pt,https://qmngnefmhwigfkaxtmsa.supabase.co/storage/v1/object/public/course-content/exercises/exercise-2.35/diagram.svg,Mesociclo 2 (https://app.notion.com/p/Mesociclo-2-39b6b2772ee48117a2f6c22577e2a60e?pvs=21),
Exercise 2.36 – Assisted Traditional School Exercises – Manual Feed,,Assisted Traditional School Exercises – Manual Feed,exercise-2.36,en-US,https://qmngnefmhwigfkaxtmsa.supabase.co/storage/v1/object/public/course-content/exercises/exercise-2.36/diagram.svg,Module 2 (https://app.notion.com/p/Module-2-39b6b2772ee4812092e6c5b9b96299e3?pvs=21),
Exercício 2.36 – Exercícios de escola tradicional assistido – Lançamento Manual,,Exercícios de escola tradicional assistido – Lançamento Manual,exercise-2.36,pt,https://qmngnefmhwigfkaxtmsa.supabase.co/storage/v1/object/public/course-content/exercises/exercise-2.36/diagram.svg,Mesociclo 2 (https://app.notion.com/p/Mesociclo-2-39b6b2772ee48117a2f6c22577e2a60e?pvs=21),
Exercise 3.0 – Traditional School: Racket Feed,,Traditional School: Racket Feed,exercise-3.0,en-US,https://qmngnefmhwigfkaxtmsa.supabase.co/storage/v1/object/public/course-content/exercises/exercise-3.0/diagram.svg,Module 3 (https://app.notion.com/p/Module-3-39b6b2772ee4817c839ffce08ddd6691?pvs=21),
Exercício 3.0 – Escola Tradicional: Lançamento com Raquete,,Escola Tradicional: Lançamento com Raquete,exercise-3.0,pt,https://qmngnefmhwigfkaxtmsa.supabase.co/storage/v1/object/public/course-content/exercises/exercise-3.0/diagram.svg,Mesociclo 3 (https://app.notion.com/p/Mesociclo-3-39b6b2772ee4816e90b1d22348cd30cc?pvs=21),
Exercise 3.1 – Traditional School: Racket Feed,,Traditional School: Racket Feed,exercise-3.1,en-US,https://qmngnefmhwigfkaxtmsa.supabase.co/storage/v1/object/public/course-content/exercises/exercise-3.1/diagram.svg,Module 3 (https://app.notion.com/p/Module-3-39b6b2772ee4817c839ffce08ddd6691?pvs=21),
Exercício 3.1 – Escola Tradicional: Lançamento com Raquete,,Escola Tradicional: Lançamento com Raquete,exercise-3.1,pt,https://qmngnefmhwigfkaxtmsa.supabase.co/storage/v1/object/public/course-content/exercises/exercise-3.1/diagram.svg,Mesociclo 3 (https://app.notion.com/p/Mesociclo-3-39b6b2772ee4816e90b1d22348cd30cc?pvs=21),
Exercise 3.2 – Traditional School: Racket Feed,,Traditional School: Racket Feed,exercise-3.2,en-US,https://qmngnefmhwigfkaxtmsa.supabase.co/storage/v1/object/public/course-content/exercises/exercise-3.2/diagram.svg,Module 3 (https://app.notion.com/p/Module-3-39b6b2772ee4817c839ffce08ddd6691?pvs=21),
Exercício 3.2 – Escola Tradicional: Lançamento com Raquete,,Escola Tradicional: Lançamento com Raquete,exercise-3.2,pt,https://qmngnefmhwigfkaxtmsa.supabase.co/storage/v1/object/public/course-content/exercises/exercise-3.2/diagram.svg,Mesociclo 3 (https://app.notion.com/p/Mesociclo-3-39b6b2772ee4816e90b1d22348cd30cc?pvs=21),
Exercise 3.3 – Traditional School: Racket Feed,,Traditional School: Racket Feed,exercise-3.3,en-US,https://qmngnefmhwigfkaxtmsa.supabase.co/storage/v1/object/public/course-content/exercises/exercise-3.3/diagram.svg,Module 3 (https://app.notion.com/p/Module-3-39b6b2772ee4817c839ffce08ddd6691?pvs=21),
Exercício 3.3 – Escola Tradicional: Lançamento com Raquete,,Escola Tradicional: Lançamento com Raquete,exercise-3.3,pt,https://qmngnefmhwigfkaxtmsa.supabase.co/storage/v1/object/public/course-content/exercises/exercise-3.3/diagram.svg,Mesociclo 3 (https://app.notion.com/p/Mesociclo-3-39b6b2772ee4816e90b1d22348cd30cc?pvs=21),
Exercise 3.4 – Traditional School: Racket Feed,,Traditional School: Racket Feed,exercise-3.4,en-US,https://qmngnefmhwigfkaxtmsa.supabase.co/storage/v1/object/public/course-content/exercises/exercise-3.4/diagram.svg,Module 3 (https://app.notion.com/p/Module-3-39b6b2772ee4817c839ffce08ddd6691?pvs=21),
Exercício 3.4 – Escola Tradicional: Lançamento com Raquete,,Escola Tradicional: Lançamento com Raquete,exercise-3.4,pt,https://qmngnefmhwigfkaxtmsa.supabase.co/storage/v1/object/public/course-content/exercises/exercise-3.4/diagram.svg,Mesociclo 3 (https://app.notion.com/p/Mesociclo-3-39b6b2772ee4816e90b1d22348cd30cc?pvs=21),
Exercise 3.5 – Traditional School: Racket Feed,,Traditional School: Racket Feed,exercise-3.5,en-US,https://qmngnefmhwigfkaxtmsa.supabase.co/storage/v1/object/public/course-content/exercises/exercise-3.5/diagram.svg,Module 3 (https://app.notion.com/p/Module-3-39b6b2772ee4817c839ffce08ddd6691?pvs=21),
Exercício 3.5 – Escola Tradicional: Lançamento com Raquete,,Escola Tradicional: Lançamento com Raquete,exercise-3.5,pt,https://qmngnefmhwigfkaxtmsa.supabase.co/storage/v1/object/public/course-content/exercises/exercise-3.5/diagram.svg,Mesociclo 3 (https://app.notion.com/p/Mesociclo-3-39b6b2772ee4816e90b1d22348cd30cc?pvs=21),
Exercise 3.6 – Traditional School: Racket Feed,,Traditional School: Racket Feed,exercise-3.6,en-US,https://qmngnefmhwigfkaxtmsa.supabase.co/storage/v1/object/public/course-content/exercises/exercise-3.6/diagram.svg,Module 3 (https://app.notion.com/p/Module-3-39b6b2772ee4817c839ffce08ddd6691?pvs=21),
Exercício 3.6 – Escola Tradicional: Lançamento com Raquete,,Escola Tradicional: Lançamento com Raquete,exercise-3.6,pt,https://qmngnefmhwigfkaxtmsa.supabase.co/storage/v1/object/public/course-content/exercises/exercise-3.6/diagram.svg,Mesociclo 3 (https://app.notion.com/p/Mesociclo-3-39b6b2772ee4816e90b1d22348cd30cc?pvs=21),
Exercise 3.7 – Traditional School: Racket Feed,,Traditional School: Racket Feed,exercise-3.7,en-US,https://qmngnefmhwigfkaxtmsa.supabase.co/storage/v1/object/public/course-content/exercises/exercise-3.7/diagram.svg,Module 3 (https://app.notion.com/p/Module-3-39b6b2772ee4817c839ffce08ddd6691?pvs=21),
Exercício 3.7 – Escola Tradicional: Lançamento com Raquete,,Escola Tradicional: Lançamento com Raquete,exercise-3.7,pt,https://qmngnefmhwigfkaxtmsa.supabase.co/storage/v1/object/public/course-content/exercises/exercise-3.7/diagram.svg,Mesociclo 3 (https://app.notion.com/p/Mesociclo-3-39b6b2772ee4816e90b1d22348cd30cc?pvs=21),
Exercise 3.8 – Traditional School: Racket Feed,,Traditional School: Racket Feed,exercise-3.8,en-US,https://qmngnefmhwigfkaxtmsa.supabase.co/storage/v1/object/public/course-content/exercises/exercise-3.8/diagram.svg,Module 3 (https://app.notion.com/p/Module-3-39b6b2772ee4817c839ffce08ddd6691?pvs=21),
Exercício 3.8 – Escola Tradicional: Lançamento com Raquete,,Escola Tradicional: Lançamento com Raquete,exercise-3.8,pt,https://qmngnefmhwigfkaxtmsa.supabase.co/storage/v1/object/public/course-content/exercises/exercise-3.8/diagram.svg,Mesociclo 3 (https://app.notion.com/p/Mesociclo-3-39b6b2772ee4816e90b1d22348cd30cc?pvs=21),
Exercise 3.9 – Traditional School: Racket Feed,,Traditional School: Racket Feed,exercise-3.9,en-US,https://qmngnefmhwigfkaxtmsa.supabase.co/storage/v1/object/public/course-content/exercises/exercise-3.9/diagram.svg,Module 3 (https://app.notion.com/p/Module-3-39b6b2772ee4817c839ffce08ddd6691?pvs=21),
Exercício 3.9 – Escola Tradicional: Lançamento com Raquete,,Escola Tradicional: Lançamento com Raquete,exercise-3.9,pt,https://qmngnefmhwigfkaxtmsa.supabase.co/storage/v1/object/public/course-content/exercises/exercise-3.9/diagram.svg,Mesociclo 3 (https://app.notion.com/p/Mesociclo-3-39b6b2772ee4816e90b1d22348cd30cc?pvs=21),
Exercise 3.10 – Traditional School – Assisted Exercise,,Traditional School – Assisted Exercise,exercise-3.10,en-US,https://qmngnefmhwigfkaxtmsa.supabase.co/storage/v1/object/public/course-content/exercises/exercise-3.10/diagram.svg,Module 3 (https://app.notion.com/p/Module-3-39b6b2772ee4817c839ffce08ddd6691?pvs=21),
Exercício 3.10 – Escola Tradicional - Exercício Assistido,,Escola Tradicional - Exercício Assistido,exercise-3.10,pt,https://qmngnefmhwigfkaxtmsa.supabase.co/storage/v1/object/public/course-content/exercises/exercise-3.10/diagram.svg,Mesociclo 3 (https://app.notion.com/p/Mesociclo-3-39b6b2772ee4816e90b1d22348cd30cc?pvs=21),
Exercise 3.11 – Traditional School – Assisted Exercise,,Traditional School – Assisted Exercise,exercise-3.11,en-US,https://qmngnefmhwigfkaxtmsa.supabase.co/storage/v1/object/public/course-content/exercises/exercise-3.11/diagram.svg,Module 3 (https://app.notion.com/p/Module-3-39b6b2772ee4817c839ffce08ddd6691?pvs=21),
Exercício 3.11 – Escola Tradicional - Exercício Assistido,,Escola Tradicional - Exercício Assistido,exercise-3.11,pt,https://qmngnefmhwigfkaxtmsa.supabase.co/storage/v1/object/public/course-content/exercises/exercise-3.11/diagram.svg,Mesociclo 3 (https://app.notion.com/p/Mesociclo-3-39b6b2772ee4816e90b1d22348cd30cc?pvs=21),
Exercise 3.12 – Traditional School – Assisted Exercise,,Traditional School – Assisted Exercise,exercise-3.12,en-US,https://qmngnefmhwigfkaxtmsa.supabase.co/storage/v1/object/public/course-content/exercises/exercise-3.12/diagram.svg,Module 3 (https://app.notion.com/p/Module-3-39b6b2772ee4817c839ffce08ddd6691?pvs=21),
Exercício 3.12 – Escola Tradicional - Exercício Assistido,,Escola Tradicional - Exercício Assistido,exercise-3.12,pt,https://qmngnefmhwigfkaxtmsa.supabase.co/storage/v1/object/public/course-content/exercises/exercise-3.12/diagram.svg,Mesociclo 3 (https://app.notion.com/p/Mesociclo-3-39b6b2772ee4816e90b1d22348cd30cc?pvs=21),
Exercise 3.13 – Traditional School – Assisted Exercise,,Traditional School – Assisted Exercise,exercise-3.13,en-US,https://qmngnefmhwigfkaxtmsa.supabase.co/storage/v1/object/public/course-content/exercises/exercise-3.13/diagram.svg,Module 3 (https://app.notion.com/p/Module-3-39b6b2772ee4817c839ffce08ddd6691?pvs=21),
Exercício 3.13 – Escola Tradicional - Exercício Assistido,,Escola Tradicional - Exercício Assistido,exercise-3.13,pt,https://qmngnefmhwigfkaxtmsa.supabase.co/storage/v1/object/public/course-content/exercises/exercise-3.13/diagram.svg,Mesociclo 3 (https://app.notion.com/p/Mesociclo-3-39b6b2772ee4816e90b1d22348cd30cc?pvs=21),
Exercise 3.14 – Traditional School – Assisted,,Traditional School – Assisted,exercise-3.14,en-US,https://qmngnefmhwigfkaxtmsa.supabase.co/storage/v1/object/public/course-content/exercises/exercise-3.14/diagram.svg,Module 3 (https://app.notion.com/p/Module-3-39b6b2772ee4817c839ffce08ddd6691?pvs=21),
Exercício 3.14 – Escola Tradicional - Assistido,,Escola Tradicional - Assistido,exercise-3.14,pt,https://qmngnefmhwigfkaxtmsa.supabase.co/storage/v1/object/public/course-content/exercises/exercise-3.14/diagram.svg,Mesociclo 3 (https://app.notion.com/p/Mesociclo-3-39b6b2772ee4816e90b1d22348cd30cc?pvs=21),
Exercise 3.15 – Traditional School – Assisted Exercise,,Traditional School – Assisted Exercise,exercise-3.15,en-US,https://qmngnefmhwigfkaxtmsa.supabase.co/storage/v1/object/public/course-content/exercises/exercise-3.15/diagram.svg,Module 3 (https://app.notion.com/p/Module-3-39b6b2772ee4817c839ffce08ddd6691?pvs=21),
Exercício 3.15 – Escola Tradicional - Exercício Assistido,,Escola Tradicional - Exercício Assistido,exercise-3.15,pt,https://qmngnefmhwigfkaxtmsa.supabase.co/storage/v1/object/public/course-content/exercises/exercise-3.15/diagram.svg,Mesociclo 3 (https://app.notion.com/p/Mesociclo-3-39b6b2772ee4816e90b1d22348cd30cc?pvs=21),
"Exercise 4.0 – ",,,exercise-4.0,en-US,https://qmngnefmhwigfkaxtmsa.supabase.co/storage/v1/object/public/course-content/exercises/exercise-4.0/diagram.svg,Module 4 (https://app.notion.com/p/Module-4-39b6b2772ee4811b9cc7c9358962b294?pvs=21),
Exercício 4.0 – Escola Moderna – Exercícios Condicionados,,Escola Moderna – Exercícios Condicionados,exercise-4.0,pt,https://qmngnefmhwigfkaxtmsa.supabase.co/storage/v1/object/public/course-content/exercises/exercise-4.0/diagram.svg,Mesociclo 4 (https://app.notion.com/p/Mesociclo-4-39b6b2772ee48199bc5cd66be7910304?pvs=21),
"Exercise 4.1 – ",,,exercise-4.1,en-US,https://qmngnefmhwigfkaxtmsa.supabase.co/storage/v1/object/public/course-content/exercises/exercise-4.1/diagram.svg,Module 4 (https://app.notion.com/p/Module-4-39b6b2772ee4811b9cc7c9358962b294?pvs=21),
Exercício 4.1 – Escola Moderna – Exercícios Condicionados,,Escola Moderna – Exercícios Condicionados,exercise-4.1,pt,https://qmngnefmhwigfkaxtmsa.supabase.co/storage/v1/object/public/course-content/exercises/exercise-4.1/diagram.svg,Mesociclo 4 (https://app.notion.com/p/Mesociclo-4-39b6b2772ee48199bc5cd66be7910304?pvs=21),
"Exercise 4.2 – ",,,exercise-4.2,en-US,https://qmngnefmhwigfkaxtmsa.supabase.co/storage/v1/object/public/course-content/exercises/exercise-4.2/diagram.svg,Module 4 (https://app.notion.com/p/Module-4-39b6b2772ee4811b9cc7c9358962b294?pvs=21),
Exercício 4.2 – Escola Moderna – Exercícios Condicionados,,Escola Moderna – Exercícios Condicionados,exercise-4.2,pt,https://qmngnefmhwigfkaxtmsa.supabase.co/storage/v1/object/public/course-content/exercises/exercise-4.2/diagram.svg,Mesociclo 4 (https://app.notion.com/p/Mesociclo-4-39b6b2772ee48199bc5cd66be7910304?pvs=21),
"Exercise 4.3 – ",,,exercise-4.3,en-US,https://qmngnefmhwigfkaxtmsa.supabase.co/storage/v1/object/public/course-content/exercises/exercise-4.3/diagram.svg,Module 4 (https://app.notion.com/p/Module-4-39b6b2772ee4811b9cc7c9358962b294?pvs=21),
Exercício 4.3 – Escola Moderna – Exercícios Condicionados,,Escola Moderna – Exercícios Condicionados,exercise-4.3,pt,https://qmngnefmhwigfkaxtmsa.supabase.co/storage/v1/object/public/course-content/exercises/exercise-4.3/diagram.svg,Mesociclo 4 (https://app.notion.com/p/Mesociclo-4-39b6b2772ee48199bc5cd66be7910304?pvs=21),
"Exercise 4.4 – ",,,exercise-4.4,en-US,https://qmngnefmhwigfkaxtmsa.supabase.co/storage/v1/object/public/course-content/exercises/exercise-4.4/diagram.svg,Module 4 (https://app.notion.com/p/Module-4-39b6b2772ee4811b9cc7c9358962b294?pvs=21),
Exercício 4.4 – Escola Moderna – Exercícios Condicionados,,Escola Moderna – Exercícios Condicionados,exercise-4.4,pt,https://qmngnefmhwigfkaxtmsa.supabase.co/storage/v1/object/public/course-content/exercises/exercise-4.4/diagram.svg,Mesociclo 4 (https://app.notion.com/p/Mesociclo-4-39b6b2772ee48199bc5cd66be7910304?pvs=21),
"Exercise 4.5 – ",,,exercise-4.5,en-US,https://qmngnefmhwigfkaxtmsa.supabase.co/storage/v1/object/public/course-content/exercises/exercise-4.5/diagram.svg,Module 4 (https://app.notion.com/p/Module-4-39b6b2772ee4811b9cc7c9358962b294?pvs=21),
Exercício 4.5 – Escola Moderna – Exercícios Condicionados,,Escola Moderna – Exercícios Condicionados,exercise-4.5,pt,https://qmngnefmhwigfkaxtmsa.supabase.co/storage/v1/object/public/course-content/exercises/exercise-4.5/diagram.svg,Mesociclo 4 (https://app.notion.com/p/Mesociclo-4-39b6b2772ee48199bc5cd66be7910304?pvs=21),
"Exercise 4.6 – ",,,exercise-4.6,en-US,https://qmngnefmhwigfkaxtmsa.supabase.co/storage/v1/object/public/course-content/exercises/exercise-4.6/diagram.svg,Module 4 (https://app.notion.com/p/Module-4-39b6b2772ee4811b9cc7c9358962b294?pvs=21),
Exercício 4.6 – Escola Moderna – Exercícios Condicionados,,Escola Moderna – Exercícios Condicionados,exercise-4.6,pt,https://qmngnefmhwigfkaxtmsa.supabase.co/storage/v1/object/public/course-content/exercises/exercise-4.6/diagram.svg,Mesociclo 4 (https://app.notion.com/p/Mesociclo-4-39b6b2772ee48199bc5cd66be7910304?pvs=21),
Exercise 5.0 – Traditional School – Feed with racket,,Traditional School – Feed with racket,exercise-5.0,en-US,https://qmngnefmhwigfkaxtmsa.supabase.co/storage/v1/object/public/course-content/exercises/exercise-5.0/diagram.svg,Module 5 (https://app.notion.com/p/Module-5-39b6b2772ee48158add0ff184c0ca0f3?pvs=21),
Exercício 5.0 – Escola Tradicional – Lançamento com raquete,,Escola Tradicional – Lançamento com raquete,exercise-5.0,pt,https://qmngnefmhwigfkaxtmsa.supabase.co/storage/v1/object/public/course-content/exercises/exercise-5.0/diagram.svg,Mesociclo 5 (https://app.notion.com/p/Mesociclo-5-39b6b2772ee481b7a004d0852b4fe32b?pvs=21),
Exercise 5.1 – Traditional School – Feed with racket,,Traditional School – Feed with racket,exercise-5.1,en-US,https://qmngnefmhwigfkaxtmsa.supabase.co/storage/v1/object/public/course-content/exercises/exercise-5.1/diagram.svg,Module 5 (https://app.notion.com/p/Module-5-39b6b2772ee48158add0ff184c0ca0f3?pvs=21),
Exercício 5.1 – Escola Tradicional – Lançamento com raquete,,Escola Tradicional – Lançamento com raquete,exercise-5.1,pt,https://qmngnefmhwigfkaxtmsa.supabase.co/storage/v1/object/public/course-content/exercises/exercise-5.1/diagram.svg,Mesociclo 5 (https://app.notion.com/p/Mesociclo-5-39b6b2772ee481b7a004d0852b4fe32b?pvs=21),
Exercise 5.2 – Traditional School – Feed with racket,,Traditional School – Feed with racket,exercise-5.2,en-US,https://qmngnefmhwigfkaxtmsa.supabase.co/storage/v1/object/public/course-content/exercises/exercise-5.2/diagram.svg,Module 5 (https://app.notion.com/p/Module-5-39b6b2772ee48158add0ff184c0ca0f3?pvs=21),
Exercício 5.2 – Escola Tradicional – Lançamento com raquete,,Escola Tradicional – Lançamento com raquete,exercise-5.2,pt,https://qmngnefmhwigfkaxtmsa.supabase.co/storage/v1/object/public/course-content/exercises/exercise-5.2/diagram.svg,Mesociclo 5 (https://app.notion.com/p/Mesociclo-5-39b6b2772ee481b7a004d0852b4fe32b?pvs=21),
Exercise 5.3 – Traditional School – Feed with racket,,Traditional School – Feed with racket,exercise-5.3,en-US,https://qmngnefmhwigfkaxtmsa.supabase.co/storage/v1/object/public/course-content/exercises/exercise-5.3/diagram.svg,Module 5 (https://app.notion.com/p/Module-5-39b6b2772ee48158add0ff184c0ca0f3?pvs=21),
Exercício 5.3 – Escola Tradicional – Lançamento com raquete,,Escola Tradicional – Lançamento com raquete,exercise-5.3,pt,https://qmngnefmhwigfkaxtmsa.supabase.co/storage/v1/object/public/course-content/exercises/exercise-5.3/diagram.svg,Mesociclo 5 (https://app.notion.com/p/Mesociclo-5-39b6b2772ee481b7a004d0852b4fe32b?pvs=21),
Exercise 5.4 – Traditional School – Feed with racket,,Traditional School – Feed with racket,exercise-5.4,en-US,https://qmngnefmhwigfkaxtmsa.supabase.co/storage/v1/object/public/course-content/exercises/exercise-5.4/diagram.svg,Module 5 (https://app.notion.com/p/Module-5-39b6b2772ee48158add0ff184c0ca0f3?pvs=21),
Exercício 5.4 – Escola Tradicional – Lançamento com raquete,,Escola Tradicional – Lançamento com raquete,exercise-5.4,pt,https://qmngnefmhwigfkaxtmsa.supabase.co/storage/v1/object/public/course-content/exercises/exercise-5.4/diagram.svg,Mesociclo 5 (https://app.notion.com/p/Mesociclo-5-39b6b2772ee481b7a004d0852b4fe32b?pvs=21),
Exercise 5.5 – Traditional School – Feed with racket,,Traditional School – Feed with racket,exercise-5.5,en-US,https://qmngnefmhwigfkaxtmsa.supabase.co/storage/v1/object/public/course-content/exercises/exercise-5.5/diagram.svg,Module 5 (https://app.notion.com/p/Module-5-39b6b2772ee48158add0ff184c0ca0f3?pvs=21),
Exercício 5.5 – Escola Tradicional – Lançamento com raquete,,Escola Tradicional – Lançamento com raquete,exercise-5.5,pt,https://qmngnefmhwigfkaxtmsa.supabase.co/storage/v1/object/public/course-content/exercises/exercise-5.5/diagram.svg,Mesociclo 5 (https://app.notion.com/p/Mesociclo-5-39b6b2772ee481b7a004d0852b4fe32b?pvs=21),
Exercise 5.6 – Traditional School – Feed with racket,,Traditional School – Feed with racket,exercise-5.6,en-US,https://qmngnefmhwigfkaxtmsa.supabase.co/storage/v1/object/public/course-content/exercises/exercise-5.6/diagram.svg,Module 5 (https://app.notion.com/p/Module-5-39b6b2772ee48158add0ff184c0ca0f3?pvs=21),
Exercício 5.6 – Escola Tradicional – Lançamento com raquete,,Escola Tradicional – Lançamento com raquete,exercise-5.6,pt,https://qmngnefmhwigfkaxtmsa.supabase.co/storage/v1/object/public/course-content/exercises/exercise-5.6/diagram.svg,Mesociclo 5 (https://app.notion.com/p/Mesociclo-5-39b6b2772ee481b7a004d0852b4fe32b?pvs=21),
Exercise 5.7 – Traditional School – Feed with racket,,Traditional School – Feed with racket,exercise-5.7,en-US,https://qmngnefmhwigfkaxtmsa.supabase.co/storage/v1/object/public/course-content/exercises/exercise-5.7/diagram.svg,Module 5 (https://app.notion.com/p/Module-5-39b6b2772ee48158add0ff184c0ca0f3?pvs=21),
Exercício 5.7 – Escola Tradicional – Lançamento com raquete,,Escola Tradicional – Lançamento com raquete,exercise-5.7,pt,https://qmngnefmhwigfkaxtmsa.supabase.co/storage/v1/object/public/course-content/exercises/exercise-5.7/diagram.svg,Mesociclo 5 (https://app.notion.com/p/Mesociclo-5-39b6b2772ee481b7a004d0852b4fe32b?pvs=21),
Exercise 5.8 – Traditional School – Feed with racket,,Traditional School – Feed with racket,exercise-5.8,en-US,https://qmngnefmhwigfkaxtmsa.supabase.co/storage/v1/object/public/course-content/exercises/exercise-5.8/diagram.svg,Module 5 (https://app.notion.com/p/Module-5-39b6b2772ee48158add0ff184c0ca0f3?pvs=21),
Exercício 5.8 – Escola Tradicional – Lançamento com raquete,,Escola Tradicional – Lançamento com raquete,exercise-5.8,pt,https://qmngnefmhwigfkaxtmsa.supabase.co/storage/v1/object/public/course-content/exercises/exercise-5.8/diagram.svg,Mesociclo 5 (https://app.notion.com/p/Mesociclo-5-39b6b2772ee481b7a004d0852b4fe32b?pvs=21),
Exercise 5.9 – Modern School – Feed with racket + conditioned game situation,,Modern School – Feed with racket + conditioned game situation,exercise-5.9,en-US,https://qmngnefmhwigfkaxtmsa.supabase.co/storage/v1/object/public/course-content/exercises/exercise-5.9/diagram.svg,Module 5 (https://app.notion.com/p/Module-5-39b6b2772ee48158add0ff184c0ca0f3?pvs=21),
Exercício 5.9 – Escola Moderna – Lançamento com raquete + Situação de jogo condicionado,,Escola Moderna – Lançamento com raquete + Situação de jogo condicionado,exercise-5.9,pt,https://qmngnefmhwigfkaxtmsa.supabase.co/storage/v1/object/public/course-content/exercises/exercise-5.9/diagram.svg,Mesociclo 5 (https://app.notion.com/p/Mesociclo-5-39b6b2772ee481b7a004d0852b4fe32b?pvs=21),
Exercise 5.10 – Modern School – Feed with racket + conditioned game situation,,Modern School – Feed with racket + conditioned game situation,exercise-5.10,en-US,https://qmngnefmhwigfkaxtmsa.supabase.co/storage/v1/object/public/course-content/exercises/exercise-5.10/diagram.svg,Module 5 (https://app.notion.com/p/Module-5-39b6b2772ee48158add0ff184c0ca0f3?pvs=21),
Exercício 5.10 – Escola Moderna – Lançamento com raquete + Situação de jogo condicionado,,Escola Moderna – Lançamento com raquete + Situação de jogo condicionado,exercise-5.10,pt,https://qmngnefmhwigfkaxtmsa.supabase.co/storage/v1/object/public/course-content/exercises/exercise-5.10/diagram.svg,Mesociclo 5 (https://app.notion.com/p/Mesociclo-5-39b6b2772ee481b7a004d0852b4fe32b?pvs=21),
Exercise 5.11 – Modern School – Feed with racket + conditioned game situation,,Modern School – Feed with racket + conditioned game situation,exercise-5.11,en-US,https://qmngnefmhwigfkaxtmsa.supabase.co/storage/v1/object/public/course-content/exercises/exercise-5.11/diagram.svg,Module 5 (https://app.notion.com/p/Module-5-39b6b2772ee48158add0ff184c0ca0f3?pvs=21),
Exercício 5.11 – Escola Moderna – Lançamento com raquete + Situação de jogo condicionado,,Escola Moderna – Lançamento com raquete + Situação de jogo condicionado,exercise-5.11,pt,https://qmngnefmhwigfkaxtmsa.supabase.co/storage/v1/object/public/course-content/exercises/exercise-5.11/diagram.svg,Mesociclo 5 (https://app.notion.com/p/Mesociclo-5-39b6b2772ee481b7a004d0852b4fe32b?pvs=21),
Exercise 5.12 – Modern School – Feed with racket + conditioned game situation,,Modern School – Feed with racket + conditioned game situation,exercise-5.12,en-US,https://qmngnefmhwigfkaxtmsa.supabase.co/storage/v1/object/public/course-content/exercises/exercise-5.12/diagram.svg,Module 5 (https://app.notion.com/p/Module-5-39b6b2772ee48158add0ff184c0ca0f3?pvs=21),
Exercício 5.12 – Escola Moderna – Lançamento com raquete + Situação de jogo condicionado,,Escola Moderna – Lançamento com raquete + Situação de jogo condicionado,exercise-5.12,pt,https://qmngnefmhwigfkaxtmsa.supabase.co/storage/v1/object/public/course-content/exercises/exercise-5.12/diagram.svg,Mesociclo 5 (https://app.notion.com/p/Mesociclo-5-39b6b2772ee481b7a004d0852b4fe32b?pvs=21),
Exercise 5.13 – Modern School – Feed with racket + conditioned game situation,,Modern School – Feed with racket + conditioned game situation,exercise-5.13,en-US,https://qmngnefmhwigfkaxtmsa.supabase.co/storage/v1/object/public/course-content/exercises/exercise-5.13/diagram.svg,Module 5 (https://app.notion.com/p/Module-5-39b6b2772ee48158add0ff184c0ca0f3?pvs=21),
Exercício 5.13 – Escola Moderna – Lançamento com raquete + Situação de jogo condicionado,,Escola Moderna – Lançamento com raquete + Situação de jogo condicionado,exercise-5.13,pt,https://qmngnefmhwigfkaxtmsa.supabase.co/storage/v1/object/public/course-content/exercises/exercise-5.13/diagram.svg,Mesociclo 5 (https://app.notion.com/p/Mesociclo-5-39b6b2772ee481b7a004d0852b4fe32b?pvs=21),
Exercise 5.14 – Modern School – Feed with racket + conditioned game situation,,Modern School – Feed with racket + conditioned game situation,exercise-5.14,en-US,https://qmngnefmhwigfkaxtmsa.supabase.co/storage/v1/object/public/course-content/exercises/exercise-5.14/diagram.svg,Module 5 (https://app.notion.com/p/Module-5-39b6b2772ee48158add0ff184c0ca0f3?pvs=21),
Exercício 5.14 – Escola Moderna – Lançamento com raquete + Situação de jogo condicionado,,Escola Moderna – Lançamento com raquete + Situação de jogo condicionado,exercise-5.14,pt,https://qmngnefmhwigfkaxtmsa.supabase.co/storage/v1/object/public/course-content/exercises/exercise-5.14/diagram.svg,Mesociclo 5 (https://app.notion.com/p/Mesociclo-5-39b6b2772ee481b7a004d0852b4fe32b?pvs=21),
Exercise 5.15 – Modern School – Feed with racket + conditioned game situation,,Modern School – Feed with racket + conditioned game situation,exercise-5.15,en-US,,Module 5 (https://app.notion.com/p/Module-5-39b6b2772ee48158add0ff184c0ca0f3?pvs=21),
Exercício 5.15 – Escola Moderna – Lançamento com raquete + Situação de jogo condicionado,,Escola Moderna – Lançamento com raquete + Situação de jogo condicionado,exercise-5.15,pt,,Mesociclo 5 (https://app.notion.com/p/Mesociclo-5-39b6b2772ee481b7a004d0852b4fe32b?pvs=21),
Exercise 5.16 – Modern School – Feed with racket + conditioned game situation,,Modern School – Feed with racket + conditioned game situation,exercise-5.16,en-US,https://qmngnefmhwigfkaxtmsa.supabase.co/storage/v1/object/public/course-content/exercises/exercise-5.16/diagram.svg,Module 5 (https://app.notion.com/p/Module-5-39b6b2772ee48158add0ff184c0ca0f3?pvs=21),
Exercício 5.16 – Escola Moderna – Lançamento com raquete + Situação de jogo condicionado,,Escola Moderna – Lançamento com raquete + Situação de jogo condicionado,exercise-5.16,pt,https://qmngnefmhwigfkaxtmsa.supabase.co/storage/v1/object/public/course-content/exercises/exercise-5.16/diagram.svg,Mesociclo 5 (https://app.notion.com/p/Mesociclo-5-39b6b2772ee481b7a004d0852b4fe32b?pvs=21),
Exercise 5.17 – Modern School – Manual feed,,Modern School – Manual feed,exercise-5.17,en-US,https://qmngnefmhwigfkaxtmsa.supabase.co/storage/v1/object/public/course-content/exercises/exercise-5.17/diagram.svg,Module 5 (https://app.notion.com/p/Module-5-39b6b2772ee48158add0ff184c0ca0f3?pvs=21),
Exercício 5.17 – Escola Moderna – Lançamento Manual,,Escola Moderna – Lançamento Manual,exercise-5.17,pt,https://qmngnefmhwigfkaxtmsa.supabase.co/storage/v1/object/public/course-content/exercises/exercise-5.17/diagram.svg,Mesociclo 5 (https://app.notion.com/p/Mesociclo-5-39b6b2772ee481b7a004d0852b4fe32b?pvs=21),
Exercise 5.18 – Modern School – Manual feed,,Modern School – Manual feed,exercise-5.18,en-US,https://qmngnefmhwigfkaxtmsa.supabase.co/storage/v1/object/public/course-content/exercises/exercise-5.18/diagram.svg,Module 5 (https://app.notion.com/p/Module-5-39b6b2772ee48158add0ff184c0ca0f3?pvs=21),
Exercício 5.18 – Escola Moderna – Lançamento Manual,,Escola Moderna – Lançamento Manual,exercise-5.18,pt,https://qmngnefmhwigfkaxtmsa.supabase.co/storage/v1/object/public/course-content/exercises/exercise-5.18/diagram.svg,Mesociclo 5 (https://app.notion.com/p/Mesociclo-5-39b6b2772ee481b7a004d0852b4fe32b?pvs=21),
Exercise 5.19 – Modern School – Manual feed,,Modern School – Manual feed,exercise-5.19,en-US,,Module 5 (https://app.notion.com/p/Module-5-39b6b2772ee48158add0ff184c0ca0f3?pvs=21),
Exercício 5.19 – Escola Moderna – Lançamento Manual,,Escola Moderna – Lançamento Manual,exercise-5.19,pt,,Mesociclo 5 (https://app.notion.com/p/Mesociclo-5-39b6b2772ee481b7a004d0852b4fe32b?pvs=21),
Exercise 5.20 – Modern School – Manual feed,,Modern School – Manual feed,exercise-5.20,en-US,https://qmngnefmhwigfkaxtmsa.supabase.co/storage/v1/object/public/course-content/exercises/exercise-5.20/diagram.svg,Module 5 (https://app.notion.com/p/Module-5-39b6b2772ee48158add0ff184c0ca0f3?pvs=21),
Exercício 5.20 – Escola Moderna – Lançamento Manual,,Escola Moderna – Lançamento Manual,exercise-5.20,pt,https://qmngnefmhwigfkaxtmsa.supabase.co/storage/v1/object/public/course-content/exercises/exercise-5.20/diagram.svg,Mesociclo 5 (https://app.notion.com/p/Mesociclo-5-39b6b2772ee481b7a004d0852b4fe32b?pvs=21),
Exercise 5.21 – Modern School – Manual feed,,Modern School – Manual feed,exercise-5.21,en-US,https://qmngnefmhwigfkaxtmsa.supabase.co/storage/v1/object/public/course-content/exercises/exercise-5.21/diagram.svg,Module 5 (https://app.notion.com/p/Module-5-39b6b2772ee48158add0ff184c0ca0f3?pvs=21),
Exercício 5.21 – Escola Moderna – Lançamento Manual,,Escola Moderna – Lançamento Manual,exercise-5.21,pt,https://qmngnefmhwigfkaxtmsa.supabase.co/storage/v1/object/public/course-content/exercises/exercise-5.21/diagram.svg,Mesociclo 5 (https://app.notion.com/p/Mesociclo-5-39b6b2772ee481b7a004d0852b4fe32b?pvs=21),
Exercise 5.22 – Modern School – Manual feed,,Modern School – Manual feed,exercise-5.22,en-US,https://qmngnefmhwigfkaxtmsa.supabase.co/storage/v1/object/public/course-content/exercises/exercise-5.22/diagram.svg,Module 5 (https://app.notion.com/p/Module-5-39b6b2772ee48158add0ff184c0ca0f3?pvs=21),
Exercício 5.22 – Escola Moderna – Lançamento Manual,,Escola Moderna – Lançamento Manual,exercise-5.22,pt,https://qmngnefmhwigfkaxtmsa.supabase.co/storage/v1/object/public/course-content/exercises/exercise-5.22/diagram.svg,Mesociclo 5 (https://app.notion.com/p/Mesociclo-5-39b6b2772ee481b7a004d0852b4fe32b?pvs=21),
Exercise 5.23 – Traditional School – Feed with racket,,Traditional School – Feed with racket,exercise-5.23,en-US,https://qmngnefmhwigfkaxtmsa.supabase.co/storage/v1/object/public/course-content/exercises/exercise-5.23/diagram.svg,Module 5 (https://app.notion.com/p/Module-5-39b6b2772ee48158add0ff184c0ca0f3?pvs=21),
Exercício 5.23 – Escola Tradicional – Lançamento com raquete,,Escola Tradicional – Lançamento com raquete,exercise-5.23,pt,https://qmngnefmhwigfkaxtmsa.supabase.co/storage/v1/object/public/course-content/exercises/exercise-5.23/diagram.svg,Mesociclo 5 (https://app.notion.com/p/Mesociclo-5-39b6b2772ee481b7a004d0852b4fe32b?pvs=21),
Exercise 5.24 – Traditional School – Feed with racket,,Traditional School – Feed with racket,exercise-5.24,en-US,https://qmngnefmhwigfkaxtmsa.supabase.co/storage/v1/object/public/course-content/exercises/exercise-5.24/diagram.svg,Module 5 (https://app.notion.com/p/Module-5-39b6b2772ee48158add0ff184c0ca0f3?pvs=21),
Exercício 5.24 – Escola Tradicional – Lançamento com raquete,,Escola Tradicional – Lançamento com raquete,exercise-5.24,pt,https://qmngnefmhwigfkaxtmsa.supabase.co/storage/v1/object/public/course-content/exercises/exercise-5.24/diagram.svg,Mesociclo 5 (https://app.notion.com/p/Mesociclo-5-39b6b2772ee481b7a004d0852b4fe32b?pvs=21),
Exercise 5.25 – Traditional School – Feed with racket,,Traditional School – Feed with racket,exercise-5.25,en-US,https://qmngnefmhwigfkaxtmsa.supabase.co/storage/v1/object/public/course-content/exercises/exercise-5.25/diagram.svg,Module 5 (https://app.notion.com/p/Module-5-39b6b2772ee48158add0ff184c0ca0f3?pvs=21),
Exercício 5.25 – Escola Tradicional – Lançamento com raquete,,Escola Tradicional – Lançamento com raquete,exercise-5.25,pt,https://qmngnefmhwigfkaxtmsa.supabase.co/storage/v1/object/public/course-content/exercises/exercise-5.25/diagram.svg,Mesociclo 5 (https://app.notion.com/p/Mesociclo-5-39b6b2772ee481b7a004d0852b4fe32b?pvs=21),
Exercise 5.26 – Traditional School – Feed with racket,,Traditional School – Feed with racket,exercise-5.26,en-US,https://qmngnefmhwigfkaxtmsa.supabase.co/storage/v1/object/public/course-content/exercises/exercise-5.26/diagram.svg,Module 5 (https://app.notion.com/p/Module-5-39b6b2772ee48158add0ff184c0ca0f3?pvs=21),
Exercício 5.26 – Escola Tradicional – Lançamento com raquete,,Escola Tradicional – Lançamento com raquete,exercise-5.26,pt,https://qmngnefmhwigfkaxtmsa.supabase.co/storage/v1/object/public/course-content/exercises/exercise-5.26/diagram.svg,Mesociclo 5 (https://app.notion.com/p/Mesociclo-5-39b6b2772ee481b7a004d0852b4fe32b?pvs=21),
Exercise 5.27 – Traditional School – Feed with racket,,Traditional School – Feed with racket,exercise-5.27,en-US,https://qmngnefmhwigfkaxtmsa.supabase.co/storage/v1/object/public/course-content/exercises/exercise-5.27/diagram.svg,Module 5 (https://app.notion.com/p/Module-5-39b6b2772ee48158add0ff184c0ca0f3?pvs=21),
Exercício 5.27 – Escola Tradicional – Lançamento com raquete,,Escola Tradicional – Lançamento com raquete,exercise-5.27,pt,https://qmngnefmhwigfkaxtmsa.supabase.co/storage/v1/object/public/course-content/exercises/exercise-5.27/diagram.svg,Mesociclo 5 (https://app.notion.com/p/Mesociclo-5-39b6b2772ee481b7a004d0852b4fe32b?pvs=21),
"Exercise 6.0 – ",,,exercise-6.0,en-US,https://qmngnefmhwigfkaxtmsa.supabase.co/storage/v1/object/public/course-content/exercises/exercise-6.0/diagram.svg,Module 6 (https://app.notion.com/p/Module-6-39b6b2772ee481fca94bc2eb45af25ba?pvs=21),
Exercício 6.0 – Escola Tradicional – Exercícios com lançamento com raquete,,Escola Tradicional – Exercícios com lançamento com raquete,exercise-6.0,pt,https://qmngnefmhwigfkaxtmsa.supabase.co/storage/v1/object/public/course-content/exercises/exercise-6.0/diagram.svg,Mesociclo 6 (https://app.notion.com/p/Mesociclo-6-39b6b2772ee48109a3a4feab4fa41e00?pvs=21),
"Exercise 6.1 – ",,,exercise-6.1,en-US,https://qmngnefmhwigfkaxtmsa.supabase.co/storage/v1/object/public/course-content/exercises/exercise-6.1/diagram.svg,Module 6 (https://app.notion.com/p/Module-6-39b6b2772ee481fca94bc2eb45af25ba?pvs=21),
Exercício 6.1 – Escola Tradicional – Exercícios com lançamento com raquete,,Escola Tradicional – Exercícios com lançamento com raquete,exercise-6.1,pt,https://qmngnefmhwigfkaxtmsa.supabase.co/storage/v1/object/public/course-content/exercises/exercise-6.1/diagram.svg,Mesociclo 6 (https://app.notion.com/p/Mesociclo-6-39b6b2772ee48109a3a4feab4fa41e00?pvs=21),
"Exercise 6.2 – ",,,exercise-6.2,en-US,https://qmngnefmhwigfkaxtmsa.supabase.co/storage/v1/object/public/course-content/exercises/exercise-6.2/diagram.svg,Module 6 (https://app.notion.com/p/Module-6-39b6b2772ee481fca94bc2eb45af25ba?pvs=21),
Exercício 6.2 – Escola Tradicional – Exercícios de lançamento com raquete,,Escola Tradicional – Exercícios de lançamento com raquete,exercise-6.2,pt,https://qmngnefmhwigfkaxtmsa.supabase.co/storage/v1/object/public/course-content/exercises/exercise-6.2/diagram.svg,Mesociclo 6 (https://app.notion.com/p/Mesociclo-6-39b6b2772ee48109a3a4feab4fa41e00?pvs=21),
"Exercise 6.3 – ",,,exercise-6.3,en-US,https://qmngnefmhwigfkaxtmsa.supabase.co/storage/v1/object/public/course-content/exercises/exercise-6.3/diagram.svg,Module 6 (https://app.notion.com/p/Module-6-39b6b2772ee481fca94bc2eb45af25ba?pvs=21),
Exercício 6.3 – Escola Tradicional – Exercícios de lançamento com raquete,,Escola Tradicional – Exercícios de lançamento com raquete,exercise-6.3,pt,https://qmngnefmhwigfkaxtmsa.supabase.co/storage/v1/object/public/course-content/exercises/exercise-6.3/diagram.svg,Mesociclo 6 (https://app.notion.com/p/Mesociclo-6-39b6b2772ee48109a3a4feab4fa41e00?pvs=21),
"Exercise 6.4 – ",,,exercise-6.4,en-US,https://qmngnefmhwigfkaxtmsa.supabase.co/storage/v1/object/public/course-content/exercises/exercise-6.4/diagram.svg,Module 6 (https://app.notion.com/p/Module-6-39b6b2772ee481fca94bc2eb45af25ba?pvs=21),
Exercício 6.4 – Escola Tradicional – Exercícios de lançamento com raquete,,Escola Tradicional – Exercícios de lançamento com raquete,exercise-6.4,pt,https://qmngnefmhwigfkaxtmsa.supabase.co/storage/v1/object/public/course-content/exercises/exercise-6.4/diagram.svg,Mesociclo 6 (https://app.notion.com/p/Mesociclo-6-39b6b2772ee48109a3a4feab4fa41e00?pvs=21),
"Exercise 6.5 – ",,,exercise-6.5,en-US,https://qmngnefmhwigfkaxtmsa.supabase.co/storage/v1/object/public/course-content/exercises/exercise-6.5/diagram.svg,Module 6 (https://app.notion.com/p/Module-6-39b6b2772ee481fca94bc2eb45af25ba?pvs=21),
Exercício 6.5 – Escola Tradicional – Exercícios de lançamento com raquete,,Escola Tradicional – Exercícios de lançamento com raquete,exercise-6.5,pt,https://qmngnefmhwigfkaxtmsa.supabase.co/storage/v1/object/public/course-content/exercises/exercise-6.5/diagram.svg,Mesociclo 6 (https://app.notion.com/p/Mesociclo-6-39b6b2772ee48109a3a4feab4fa41e00?pvs=21),
"Exercise 6.6 – ",,,exercise-6.6,en-US,https://qmngnefmhwigfkaxtmsa.supabase.co/storage/v1/object/public/course-content/exercises/exercise-6.6/diagram.svg,Module 6 (https://app.notion.com/p/Module-6-39b6b2772ee481fca94bc2eb45af25ba?pvs=21),
Exercício 6.6 – Escola Tradicional – Exercícios de lançamento com raquete,,Escola Tradicional – Exercícios de lançamento com raquete,exercise-6.6,pt,https://qmngnefmhwigfkaxtmsa.supabase.co/storage/v1/object/public/course-content/exercises/exercise-6.6/diagram.svg,Mesociclo 6 (https://app.notion.com/p/Mesociclo-6-39b6b2772ee48109a3a4feab4fa41e00?pvs=21),
"Exercise 6.7 – ",,,exercise-6.7,en-US,https://qmngnefmhwigfkaxtmsa.supabase.co/storage/v1/object/public/course-content/exercises/exercise-6.7/diagram.svg,Module 6 (https://app.notion.com/p/Module-6-39b6b2772ee481fca94bc2eb45af25ba?pvs=21),
Exercício 6.7 – Escola Tradicional – Exercícios de lançamento com raquete,,Escola Tradicional – Exercícios de lançamento com raquete,exercise-6.7,pt,https://qmngnefmhwigfkaxtmsa.supabase.co/storage/v1/object/public/course-content/exercises/exercise-6.7/diagram.svg,Mesociclo 6 (https://app.notion.com/p/Mesociclo-6-39b6b2772ee48109a3a4feab4fa41e00?pvs=21),